N_valid,dataset_id,delta_mean_over_oz_vs_nvp,delta_mean_policy45_regret_vs_nvp,margin_bin_regret,mean_admitted_candidate_count,mean_candidate_value_cross_entropy,mean_kendall_tau_b,mean_mean_admitted_candidate_length,mean_mean_over_oz,mean_oracle_rank,mean_oracle_top1_hit,mean_oracle_top5_hit,mean_policy45_regret_bytes,mean_score_length_pearson,mean_spearman,mean_top10_pairwise_inversions,mean_top5_pairwise_inversions,median_admitted_candidate_count,median_candidate_value_cross_entropy,median_kendall_tau_b,median_mean_admitted_candidate_length,median_mean_over_oz,median_oracle_rank,median_oracle_top1_hit,median_oracle_top5_hit,median_policy45_regret_bytes,median_score_length_pearson,median_spearman,median_top10_pairwise_inversions,median_top5_pairwise_inversions,method,policy_cases,selected_length_regret,spearman_ce_vs_mean_over_oz,spearman_ce_vs_oracle_rank,spearman_ce_vs_policy45_regret,split
2997,anghabench-v1,-0.0002406366629247661,0.02268935602268929,"{'small': 1.7974888618874039, 'large': 7.446969696969697}",4.03003003003003,3.8558372659008984,0.4048353193940666,12.676070514959404,0.03668340861622429,4.191524858191525,0.6329662996329662,0.8335001668335001,2.7927927927927927,0.4603742542021092,0.5038918336620171,4.509175842509176,0.948948948948949,4.0,3.8703041957459496,0.39227366463775987,12.25,0.0014265335235378032,1.0,1.0,1.0,0.0,0.5122267427077902,0.5081546656728769,0.0,0.0,AnchoredMambaNVP,"{'oracle_admitted_zero_regret': 2410, 'oracle_not_admitted_top10': 256, 'oracle_not_admitted_beyond_top10': 299, 'oracle_admitted_nonzero_regret': 32}","{'7': 9.0, '8': 3.2406015037593985, '9': 2.1, '10': 0.1, '11': 2.6219512195121952, '12': 0.44, '13': 2.03125, '14': 0.6260869565217392, '15': 4.386416861826698, '16': 3.5520361990950224, '17': 4.242718446601942, '18': 1.8210526315789475, '20': 0.0}",-0.07786159418348494,0.14559145951447416,0.19775853100863652,final
2997,anghabench-v1,-0.0002751072663610757,0.02035368702035356,"{'small': 1.7922235722964763, 'large': 7.458333333333333}",4.047380714047381,3.8558511086457594,0.4047770892967621,12.611984206428652,0.03664893801278798,4.188855522188856,0.6289622956289623,0.8355021688355022,2.790457123790457,0.4610211910921324,0.5039155119988162,4.507173840507174,0.943943943943944,4.0,3.870013045000825,0.3930067066915273,12.25,0.0014265335235378032,1.0,1.0,1.0,0.0,0.5131097728193657,0.508864687364724,0.0,0.0,DirectMambaNVP,"{'oracle_admitted_zero_regret': 2405, 'oracle_not_admitted_top10': 263, 'oracle_not_admitted_beyond_top10': 295, 'oracle_admitted_nonzero_regret': 34}","{'7': 8.454545454545455, '8': 3.201693610469592, '9': 1.914572864321608, '10': 0.22784810126582278, '11': 1.8831168831168832, '12': 0.05, '13': 2.909090909090909, '14': 0.7727272727272727, '15': 4.315476190476191, '16': 4.673469387755102, '17': 3.25531914893617, '18': 3.358974358974359, '20': 0.0}",-0.07845794218551816,0.15410301532882686,0.19466645542674058,final
2997,anghabench-v1,-0.0013337863680235873,0.4674674674674675,"{'small': 1.8748481166464155, 'large': 9.609848484848484}",4.047714381047714,3.869265736632749,0.3672039019463642,12.772590844813069,0.035590258911125466,4.127127127127127,0.600266933600267,0.8301634968301635,3.237570904237571,0.4405491299604423,0.46037974368083295,4.632632632632633,0.9863196529863196,4.0,3.8779731360105,0.3875617133214439,12.5,0.0,1.0,1.0,1.0,0.0,0.48533959587082964,0.46998761190284244,0.0,0.0,Mamba,"{'oracle_admitted_zero_regret': 2357, 'oracle_not_admitted_beyond_top10': 288, 'oracle_not_admitted_top10': 300, 'oracle_admitted_nonzero_regret': 52}","{'4': 4.954545454545454, '7': 2.5625, '8': 3.5939086294416245, '9': 5.008196721311475, '10': 0.5664335664335665, '11': 1.58, '12': 1.875, '13': 3.467741935483871, '14': 0.32054794520547947, '15': 3.8274932614555257, '16': 3.813953488372093, '17': 6.876404494382022, '18': 7.147058823529412}",-0.07612488572618852,0.14198049223702694,0.14501834381944434,final
2997,anghabench-v1,0.0,0.0,"{'small': 1.701093560145808, 'large': 7.768939393939394}",4.0347013680347015,3.855721655273255,0.4050294528951069,12.61036036036036,0.036924045279149054,4.196196196196196,0.6316316316316316,0.8378378378378378,2.7701034367701034,0.4591919122690787,0.5041443997206521,4.504170837504171,0.9486152819486153,4.0,3.8698488741412245,0.39302428055577304,12.25,0.0014265335235378032,1.0,1.0,1.0,0.0,0.5102174398145469,0.5105563586276894,0.0,0.0,NVP,"{'oracle_admitted_zero_regret': 2410, 'oracle_not_admitted_top10': 255, 'oracle_not_admitted_beyond_top10': 296, 'oracle_admitted_nonzero_regret': 36}","{'7': 9.571428571428571, '8': 3.2650273224043715, '9': 3.056872037914692, '10': 0.07058823529411765, '11': 1.556701030927835, '12': 0.037037037037037035, '13': 1.5, '14': 0.853448275862069, '15': 3.363013698630137, '16': 4.6, '17': 4.271604938271605, '18': 2.011764705882353, '20': 1.4}",-0.07304556366211774,0.15371894363468253,0.19510846833649614,final
87,blas-v0,-8.839976372156631e-05,-0.045977011494251485,"{'small': 8.142857142857142, 'large': 35.15151515151515}",3.7126436781609193,3.887594149867054,0.2878598347801763,14.278544061302684,0.011258671188894441,14.471264367816092,0.06896551724137931,0.4482758620689655,28.632183908045977,0.3806102426545084,0.3913881082037587,16.735632183908045,3.8045977011494254,4.0,3.892805180112218,0.34004024064220584,14.5,0.008520526723470178,7.0,0.0,0.0,17.0,0.3918274195033344,0.4716710510517625,18.0,3.0,AnchoredMambaNVP,"{'oracle_admitted_nonzero_regret': 5, 'oracle_not_admitted_top10': 25, 'oracle_admitted_zero_regret': 22, 'oracle_not_admitted_beyond_top10': 35}","{'7': 64.0, '8': 65.0, '10': 14.25, '12': 7.2, '13': 8.75, '14': 34.0, '15': 44.0, '16': 37.55263157894737, '17': 27.285714285714285, '18': 20.4}",-0.06362998949186308,0.4685852729569359,0.2707670974814894,final
87,blas-v0,-0.0007675421420479216,1.6206896551724164,"{'small': 8.142857142857142, 'large': 37.34848484848485}",3.689655172413793,3.8874146103289497,0.2874392722953595,14.475862068965519,0.010579528810568086,14.298850574712644,0.06896551724137931,0.42528735632183906,30.298850574712645,0.38493919700317003,0.3914740790016593,16.563218390804597,3.839080459770115,4.0,3.8919542005138643,0.33717045726591766,14.5,0.00816326530612245,7.0,0.0,0.0,20.0,0.39445238837900287,0.47103339262380617,18.0,3.0,DirectMambaNVP,"{'oracle_admitted_nonzero_regret': 4, 'oracle_not_admitted_top10': 26, 'oracle_admitted_zero_regret': 22, 'oracle_not_admitted_beyond_top10': 35}","{'7': 64.0, '10': 14.25, '12': 18.4375, '13': 10.333333333333334, '14': 34.0, '15': 44.0, '16': 41.404761904761905, '17': 13.5, '18': 20.4}",-0.04598833568066613,0.4784157760706913,0.25409569266520515,final
87,blas-v0,-0.005951206385259835,38.126436781609186,"{'small': 6.0, 'large': 86.15151515151516}",4.114942528735632,3.931461839647031,0.2232212868076885,12.88352490421456,0.005395864567356173,18.402298850574713,0.06896551724137931,0.16091954022988506,66.80459770114942,0.2727328587419835,0.30818182284683227,18.448275862068964,4.0344827586206895,4.0,3.9180461676341958,0.2585636059651003,13.0,0.0018832391713747645,16.0,0.0,0.0,19.0,0.2509469827268774,0.36125824623055436,19.0,4.0,Mamba,"{'oracle_admitted_nonzero_regret': 1, 'oracle_not_admitted_beyond_top10': 55, 'oracle_admitted_zero_regret': 13, 'oracle_not_admitted_top10': 18}","{'7': 40.666666666666664, '8': 71.6, '10': 93.05263157894737, '12': 71.28571428571429, '13': 34.592592592592595, '15': 30.333333333333332, '17': 516.0, '18': 27.0}",-0.06141503353389513,0.2694545879485056,0.22151642137197738,final
87,blas-v0,0.0,0.0,"{'small': 8.142857142857142, 'large': 35.21212121212121}",3.67816091954023,3.88766986531778,0.2871519638053567,14.45383141762452,0.011347070952616008,14.448275862068966,0.08045977011494253,0.4367816091954023,28.67816091954023,0.38788448363570915,0.39137345134629575,16.632183908045977,3.8505747126436782,4.0,3.892346292484186,0.3434709033050899,14.5,0.008520526723470178,6.0,0.0,0.0,17.0,0.397821864314272,0.4630936623819004,18.0,3.0,NVP,"{'oracle_admitted_nonzero_regret': 8, 'oracle_not_admitted_top10': 20, 'oracle_admitted_zero_regret': 22, 'oracle_not_admitted_beyond_top10': 37}","{'7': 64.0, '10': 14.25, '12': 12.1875, '13': 10.333333333333334, '15': 44.0, '16': 41.41463414634146, '17': 13.5, '18': 19.428571428571427}",-0.04994552971921625,0.472186155482442,0.2672700851109645,final
33,cbench-v1,0.00019785933656019106,-12.363636363636374,"{'small': 43.75, 'large': 319.0}",3.787878787878788,3.884472592914578,0.3103186773812629,13.822222222222223,0.1881873749429976,13.181818181818182,0.09090909090909091,0.30303030303030304,218.9090909090909,0.23956556939230067,0.4217256325544471,13.454545454545455,3.878787878787879,4.0,3.8754858123971268,0.3440496930416997,13.75,0.13239644970414202,9.0,0.0,0.0,38.0,0.21456522639599218,0.47772274591316466,13.0,3.0,AnchoredMambaNVP,"{'oracle_admitted_zero_regret': 6, 'oracle_not_admitted_top10': 14, 'oracle_not_admitted_beyond_top10': 13}","{'4': 260.5, '8': 107.0, '13': 19.0, '15': 1729.0, '16': 248.88888888888889, '17': 357.3333333333333}",0.08461115907332632,0.31489110659930913,0.32091060630942597,final
33,cbench-v1,3.2363229592546894e-05,-0.24242424242424931,"{'small': 48.25, 'large': 335.4761904761905}",3.8181818181818183,3.8846204830880873,0.30910050152461294,13.723737373737373,0.18802187883602994,13.272727272727273,0.09090909090909091,0.2727272727272727,231.03030303030303,0.24158484076738726,0.42065838887925894,13.424242424242424,3.878787878787879,4.0,3.873612736850994,0.33877883291055905,13.75,0.13239644970414202,9.0,0.0,0.0,38.0,0.21368096558155847,0.47957930802655185,13.0,3.0,DirectMambaNVP,"{'oracle_admitted_zero_regret': 6, 'oracle_not_admitted_top10': 14, 'oracle_not_admitted_beyond_top10': 13}","{'4': 464.5, '8': 110.6, '13': 233.25, '15': 1729.0, '16': 242.0, '17': 98.0}",0.08094552710294872,0.3239496974948238,0.3045307452792821,final
33,cbench-v1,9.806498296688337e-05,-29.090909090909093,"{'small': 47.166666666666664, 'large': 290.76190476190476}",3.8181818181818183,3.8879250837684918,0.2907090866062192,13.795454545454545,0.18808758058940428,12.030303030303031,0.06060606060606061,0.3333333333333333,202.1818181818182,0.3265052151069633,0.40253478664596476,14.575757575757576,3.727272727272727,4.0,3.8789051071209038,0.27827548701902177,13.75,0.13264299802761342,9.0,0.0,0.0,37.0,0.30295941562165946,0.40800395286570235,12.0,4.0,Mamba,"{'oracle_admitted_zero_regret': 6, 'oracle_not_admitted_top10': 15, 'oracle_not_admitted_beyond_top10': 12}","{'4': 145.0, '8': 73.7, '13': 235.33333333333334, '15': 585.0, '16': 84.0, '17': 74.5}",0.2178899367849491,0.08019434325837105,0.0530205641070325,final
33,cbench-v1,0.0,0.0,"{'small': 43.75, 'large': 338.42857142857144}",3.757575757575758,3.884901212661369,0.3086966726927345,13.814646464646465,0.1879895156064374,13.454545454545455,0.09090909090909091,0.2727272727272727,231.27272727272728,0.24555030893593266,0.4200507107562227,13.393939393939394,3.9393939393939394,4.0,3.8685364965312456,0.35206427733842416,13.75,0.13239644970414202,10.0,0.0,0.0,38.0,0.21956567847883074,0.47845559937897536,13.0,3.0,NVP,"{'oracle_admitted_zero_regret': 6, 'oracle_not_admitted_top10': 13, 'oracle_not_admitted_beyond_top10': 14}","{'4': 784.0, '8': 107.0, '13': 233.25, '15': 937.0, '16': 248.88888888888889, '17': 98.0}",0.08829718976562966,0.3202089255636889,0.3157048350924756,final
36,chstone-v0,-0.00047860690032980324,3.2777777777777715,"{'small': 97.0, 'large': 252.96666666666667}",3.3333333333333335,3.8944678598256814,0.29736965144494937,15.212962962962962,0.09166135144948151,15.722222222222221,0.0,0.25,226.97222222222223,0.34097611771842434,0.40510030723788004,16.72222222222222,3.7777777777777777,3.0,3.891038182176043,0.3463982093293357,15.416666666666668,0.05607904539539536,13.0,0.0,0.0,114.5,0.3709840948147518,0.47810961800834995,16.0,4.0,AnchoredMambaNVP,"{'oracle_not_admitted_top10': 13, 'oracle_admitted_zero_regret': 3, 'oracle_not_admitted_beyond_top10': 20}","{'8': 246.0, '11': 418.0, '13': 210.66666666666666, '14': 855.0, '16': 133.36363636363637, '17': 405.7142857142857}",-0.35847907161550535,0.4754914779095467,-0.3097362338203035,final
36,chstone-v0,0.0004542674453311968,-5.666666666666686,"{'small': 68.66666666666667, 'large': 247.9}",3.3055555555555554,3.8945256655238216,0.2963844567891002,15.23148148148148,0.09259422579514251,15.972222222222221,0.0,0.25,218.02777777777777,0.3427586907084823,0.40382486920271127,16.63888888888889,3.7777777777777777,3.0,3.891487142447908,0.34674311860900464,15.333333333333334,0.06993469319420502,13.0,0.0,0.0,108.0,0.3745324783160686,0.4803076607924269,16.5,4.0,DirectMambaNVP,"{'oracle_not_admitted_top10': 12, 'oracle_admitted_zero_regret': 3, 'oracle_not_admitted_beyond_top10': 21}","{'8': 246.0, '11': 418.0, '13': 286.0, '14': 855.0, '16': 104.47619047619048, '17': 388.0, '18': 418.0}",-0.36055308756299054,0.481816862735728,-0.261739611687051,final
36,chstone-v0,0.003706079288818373,-2.083333333333343,"{'small': 34.0, 'large': 259.1333333333333}",3.5277777777777777,3.8918500198666828,0.2912991037910337,14.733796296296296,0.09584603763862969,13.38888888888889,0.05555555555555555,0.3888888888888889,221.61111111111111,0.4013735938718108,0.41063081894762826,16.63888888888889,4.083333333333333,4.0,3.89135500140342,0.2990897447335458,15.0,0.07242023208490096,10.5,0.0,0.0,87.0,0.4027651892166174,0.424462845646893,16.0,4.0,Mamba,"{'oracle_not_admitted_top10': 7, 'oracle_admitted_zero_regret': 11, 'oracle_not_admitted_beyond_top10': 18}","{'8': 240.66666666666666, '11': 855.0, '13': 221.5, '15': 698.6666666666666, '16': 133.2173913043478, '17': 116.66666666666667, '18': 448.0}",-0.575734329569603,0.36008365183782987,0.2839353125147,final
36,chstone-v0,0.0,0.0,"{'small': 86.16666666666667, 'large': 251.2}",3.2777777777777777,3.8944774153526063,0.2954335465929425,15.226851851851851,0.09213995834981131,16.02777777777778,0.0,0.2222222222222222,223.69444444444446,0.34732503652810975,0.40326160198275274,16.77777777777778,3.8333333333333335,3.0,3.891534852081153,0.3450880201908232,15.333333333333334,0.061393845068330774,13.0,0.0,0.0,114.5,0.3845313014954237,0.47159681972406076,16.0,4.0,NVP,"{'oracle_not_admitted_top10': 13, 'oracle_admitted_zero_regret': 3, 'oracle_not_admitted_beyond_top10': 20}","{'8': 246.0, '11': 418.0, '13': 242.0, '14': 855.0, '16': 117.45, '17': 379.1666666666667, '18': 260.0}",-0.3655712834640135,0.48189248066872853,-0.31192837202802426,final
450,clgen-v0,0.00011701984631165563,-0.00666666666666671,"{'small': 0.4295774647887324, 'large': 6.833333333333333}",3.8955555555555557,3.77044574002698,0.5457623474828049,13.603777777777779,0.10121333223515253,3.0,0.7,0.8488888888888889,0.7711111111111111,0.4560620414499533,0.6826498382747358,1.8933333333333333,0.2822222222222222,4.0,3.765338886175316,0.5796323152563215,13.5,0.08783783783783784,1.0,1.0,1.0,0.0,0.45144511046217506,0.7312099307986939,0.0,0.0,AnchoredMambaNVP,"{'oracle_admitted_zero_regret': 372, 'oracle_not_admitted_top10': 43, 'oracle_not_admitted_beyond_top10': 32, 'oracle_admitted_nonzero_regret': 3}","{'8': 1.0833333333333333, '9': 0.8260869565217391, '10': 0.5357142857142857, '11': 5.0, '12': 0.0, '13': 0.6583333333333333, '14': 0.44, '15': 0.0, '16': 2.3157894736842106, '18': 0.3, '20': 0.5652173913043478}",-0.15207442005283367,0.2835239182169733,0.19690219153623903,final
450,clgen-v0,-2.3283316080424665e-06,0.0,"{'small': 0.43661971830985913, 'large': 6.833333333333333}",3.8666666666666667,3.770212591320722,0.5466320116719503,13.663185185185183,0.10109398405723283,2.988888888888889,0.7022222222222222,0.8555555555555555,0.7777777777777778,0.456333522290715,0.683398534749703,1.8777777777777778,0.2777777777777778,4.0,3.7649940637664945,0.5795139114404122,13.5,0.08783783783783784,1.0,1.0,1.0,0.0,0.45229155633194534,0.7332093251863813,0.0,0.0,DirectMambaNVP,"{'oracle_admitted_zero_regret': 370, 'oracle_not_admitted_top10': 47, 'oracle_not_admitted_beyond_top10': 30, 'oracle_admitted_nonzero_regret': 3}","{'8': 3.0, '9': 0.9047619047619048, '10': 0.22727272727272727, '11': 3.3333333333333335, '12': 0.0, '13': 0.7153846153846154, '14': 0.40186915887850466, '16': 1.8235294117647058, '18': 0.2571428571428571, '20': 0.65}",-0.1525537686542412,0.2859169234834915,0.19153541558731876,final
450,clgen-v0,0.0016415424887377267,-0.0755555555555556,"{'small': 0.38967136150234744, 'large': 6.25}",3.8244444444444445,3.809572316092439,0.5057482312137431,13.545629629629628,0.1027378548775786,2.568888888888889,0.7088888888888889,0.8955555555555555,0.7022222222222222,0.500182612903026,0.6371607759672286,1.7222222222222223,0.3,4.0,3.8044903458583406,0.530882268932204,13.5,0.09042553191489362,1.0,1.0,1.0,0.0,0.5146448970671031,0.6775700765145141,0.0,0.0,Mamba,"{'oracle_admitted_zero_regret': 388, 'oracle_not_admitted_beyond_top10': 22, 'oracle_not_admitted_top10': 37, 'oracle_admitted_nonzero_regret': 3}","{'8': 0.42857142857142855, '9': 0.25, '10': 1.9, '11': 0.4, '12': 1.0, '13': 0.9101123595505618, '14': 0.7025316455696202, '15': 0.9, '16': 0.6075949367088608, '17': 2.0, '18': 0.28125}",0.01971748712060395,0.3223188409013838,0.20841781922701202,final
450,clgen-v0,0.0,0.0,"{'small': 0.43661971830985913, 'large': 6.833333333333333}",3.888888888888889,3.7703607638003747,0.5452826224328308,13.560925925925927,0.10109631238884087,3.037777777777778,0.6888888888888889,0.8488888888888889,0.7777777777777778,0.4560519715295309,0.6822440634000003,1.9022222222222223,0.28444444444444444,4.0,3.7650969931783296,0.5762075875881859,13.25,0.08783783783783784,1.0,1.0,1.0,0.0,0.45083788355878995,0.7289852317304721,0.0,0.0,NVP,"{'oracle_admitted_zero_regret': 368, 'oracle_not_admitted_top10': 50, 'oracle_not_admitted_beyond_top10': 30, 'oracle_admitted_nonzero_regret': 2}","{'8': 0.5454545454545454, '9': 0.7450980392156863, '10': 0.48, '11': 4.4, '12': 0.5, '13': 0.7786259541984732, '14': 0.5125, '15': 0.0, '16': 2.4193548387096775, '18': 0.2571428571428571, '20': 0.18181818181818182}",-0.1495080107378911,0.27042060558453784,0.20655709823351764,final
144,csmith-v0,0.00032675455421882216,-3.9652777777777786,"{'small': 14.0, 'large': 32.22962962962963}",3.5972222222222223,3.3261030005332914,0.46167445656101297,14.95023148148148,0.2587247728239228,3.923611111111111,0.3819444444444444,0.8125,31.09027777777778,0.31849119098691614,0.6135364233252942,12.833333333333334,2.9375,4.0,3.5853448357252233,0.4692377754897705,14.875,0.2853682134632938,2.0,0.0,1.0,0.0,0.37562870450079233,0.6229602889018725,13.0,3.0,AnchoredMambaNVP,"{'oracle_admitted_zero_regret': 108, 'oracle_not_admitted_beyond_top10': 13, 'oracle_not_admitted_top10': 16, 'oracle_admitted_nonzero_regret': 7}","{'13': 53.525, '15': 3.857142857142857, '16': 44.513513513513516, '17': 14.897435897435898}",0.44004242266991767,0.5181169209669831,0.40630702296919485,final
144,csmith-v0,0.00023951911247205304,-3.243055555555557,"{'small': 14.0, 'large': 33.0}",3.5694444444444446,3.326102261898109,0.4613433822389594,14.978587962962962,0.25863753738217604,3.9791666666666665,0.3680555555555556,0.8125,31.8125,0.31964022273906756,0.6133541568758827,12.854166666666666,2.9444444444444446,4.0,3.586411840892828,0.471072247115214,15.0,0.2853682134632938,2.0,0.0,1.0,0.0,0.3800852231462146,0.6271815413002034,13.0,3.0,DirectMambaNVP,"{'oracle_admitted_zero_regret': 107, 'oracle_not_admitted_beyond_top10': 13, 'oracle_not_admitted_top10': 17, 'oracle_admitted_nonzero_regret': 7}","{'13': 50.56818181818182, '15': 1.0, '16': 46.0, '17': 16.153846153846153}",0.4394058163679819,0.5105922579522666,0.42631074815722664,final
144,csmith-v0,-0.014325164220764297,130.0763888888889,"{'small': 10.88888888888889, 'large': 175.4148148148148}",3.75,3.3945653649932916,0.3410771817927429,14.230324074074076,0.2440728540489397,7.159722222222222,0.375,0.6111111111111112,165.13194444444446,0.26503100302694854,0.4767004426246058,13.95138888888889,3.513888888888889,4.0,3.73298536346404,0.33458445183190133,14.25,0.26948480845442535,3.0,0.0,1.0,0.0,0.27001155623287626,0.4787378030907452,14.0,3.0,Mamba,"{'oracle_admitted_zero_regret': 77, 'oracle_not_admitted_beyond_top10': 37, 'oracle_not_admitted_top10': 22, 'oracle_admitted_nonzero_regret': 8}","{'8': 986.5625, '13': 53.82608695652174, '15': 8.727272727272727, '16': 140.075, '17': 36.61904761904762}",0.28020341373229896,0.6355702144772588,0.5007801798493456,final
144,csmith-v0,0.0,0.0,"{'small': 14.0, 'large': 36.45925925925926}",3.5625,3.326622791502147,0.46123904910158525,15.022569444444445,0.258398018269704,3.9305555555555554,0.375,0.8125,35.05555555555556,0.32249698018226175,0.6128872869845158,12.88888888888889,2.951388888888889,4.0,3.5859832229981623,0.4710823242288589,15.416666666666668,0.2853682134632938,2.0,0.0,1.0,0.0,0.39039694101403033,0.6214126396621122,13.0,3.0,NVP,"{'oracle_admitted_zero_regret': 107, 'oracle_not_admitted_beyond_top10': 12, 'oracle_not_admitted_top10': 17, 'oracle_admitted_nonzero_regret': 8}","{'13': 51.74418604651163, '15': 0.96, '16': 62.55555555555556, '17': 13.675}",0.44342523009157836,0.4956354172257958,0.37900941443636343,final
3000,github-v0,2.9946226034139635e-05,-0.04900000000000038,"{'small': 1.7467218771566597, 'large': 24.784313725490197}",4.302333333333333,3.863424281819754,0.15911005548167342,12.489623015873018,0.0072338933642013764,2.5513333333333335,0.891,0.937,2.53,0.1005553999523939,0.19394834366479677,1.1023333333333334,0.25766666666666665,4.0,3.9154978312473023,0.1020324430596358,12.5,0.0,1.0,1.0,1.0,0.0,0.11925654496596604,0.1257541164580574,0.0,0.0,AnchoredMambaNVP,"{'oracle_admitted_zero_regret': 2783, 'oracle_not_admitted_beyond_top10': 150, 'oracle_not_admitted_top10': 57, 'oracle_admitted_nonzero_regret': 10}","{'4': 0.10344827586206896, '7': 1.2936170212765958, '8': 5.70757180156658, '9': 0.0, '10': 3.2590909090909093, '11': 0.8279569892473119, '12': 2.239130434782609, '13': 3.524822695035461, '14': 1.8418367346938775, '15': 0.8504672897196262, '16': 1.427974947807933, '17': 3.502, '18': 6.637931034482759, '20': 0.3333333333333333}",-0.26830582758769733,-0.003060691247448561,0.06112858527283362,final
3000,github-v0,4.031871705304033e-05,-0.06766666666666676,"{'small': 1.73567977915804, 'large': 24.54901960784314}",4.309,3.863459170683703,0.159188181008206,12.502729365079364,0.007244265855220277,2.5363333333333333,0.8913333333333333,0.9363333333333334,2.5113333333333334,0.10406455256651145,0.1940006471298009,1.103,0.25533333333333336,4.0,3.915484151740529,0.10271661276724715,12.5,0.0,1.0,1.0,1.0,0.0,0.12294026220530735,0.1303673075005986,0.0,0.0,DirectMambaNVP,"{'oracle_admitted_zero_regret': 2783, 'oracle_not_admitted_beyond_top10': 148, 'oracle_not_admitted_top10': 62, 'oracle_admitted_nonzero_regret': 7}","{'4': 0.11707317073170732, '7': 0.9775510204081632, '8': 5.527272727272727, '9': 0.0, '10': 3.430622009569378, '11': 0.7840909090909091, '12': 2.207317073170732, '13': 2.4831460674157304, '14': 2.1338912133891212, '15': 0.8369565217391305, '16': 1.5835051546391752, '17': 3.8855291576673867, '18': 5.810344827586207, '20': 0.375}",-0.27039757874386827,-0.0034329908767858188,0.05634196560796609,final
3000,github-v0,-0.0007091449507174536,1.0989999999999998,"{'small': 2.704623878536922, 'large': 31.333333333333332}",4.141333333333334,3.872945750810482,0.12868560690790998,12.845012698412699,0.006494802187449783,2.9026666666666667,0.8683333333333333,0.9156666666666666,3.678,0.1555007887215576,0.15703926034913643,1.34,0.332,4.0,3.918289697305756,0.026462435042106738,13.0,0.0,1.0,1.0,1.0,0.0,0.17290281323703147,0.032096718115222626,0.0,0.0,Mamba,"{'oracle_admitted_zero_regret': 2713, 'oracle_not_admitted_beyond_top10': 184, 'oracle_not_admitted_top10': 94, 'oracle_admitted_nonzero_regret': 9}","{'4': 0.4383561643835616, '7': 0.5397350993377483, '8': 2.047846889952153, '9': 3.393939393939394, '10': 7.579399141630901, '11': 0.5079365079365079, '12': 9.55084745762712, '13': 5.0625, '14': 1.8333333333333333, '15': 6.285714285714286, '16': 3.9420970266040687, '17': 5.297587131367292, '18': 2.129032258064516, '20': 0.0}",-0.23553827948317874,-0.008051832092552749,0.05169247886385452,final
3000,github-v0,0.0,0.0,"{'small': 1.7912353347135956, 'large': 24.96078431372549}",4.274666666666667,3.863532915525245,0.1556589577881348,12.51394603174603,0.007203947138167237,2.6193333333333335,0.8896666666666667,0.937,2.579,0.10842688257019999,0.189782566957315,1.135,0.2623333333333333,4.0,3.915395948209805,0.09531059996337346,12.5,0.0,1.0,1.0,1.0,0.0,0.1284891191600213,0.11963322206582978,0.0,0.0,NVP,"{'oracle_admitted_zero_regret': 2774, 'oracle_not_admitted_beyond_top10': 156, 'oracle_not_admitted_top10': 62, 'oracle_admitted_nonzero_regret': 8}","{'4': 0.04519774011299435, '7': 1.1848906560636183, '8': 5.818696883852692, '9': 0.9166666666666666, '10': 3.3981042654028437, '11': 0.9877300613496932, '12': 1.6041666666666667, '13': 3.112676056338028, '14': 2.227272727272727, '15': 0.8695652173913043, '16': 1.4947589098532494, '17': 4.521739130434782, '18': 7.279411764705882, '20': 0.46153846153846156}",-0.27267760704631594,0.004936825574490347,0.06003501954305222,final
3000,linux-v0,5.896672359338587e-05,-0.16699999999999982,"{'small': 4.665897731641676, 'large': 10.822055137844611}",4.5,3.9101242436706984,0.24311199193534555,11.854375396825397,0.0031009022213143093,3.45,0.6613333333333333,0.8856666666666667,5.484666666666667,-0.007602552294652912,0.2951882206783362,2.6443333333333334,0.686,5.0,3.9136057548228558,0.2959562465462338,11.4,0.0,1.0,1.0,1.0,0.0,-0.07889202565020129,0.3602444934553881,0.0,0.0,AnchoredMambaNVP,"{'oracle_admitted_zero_regret': 2534, 'oracle_not_admitted_beyond_top10': 213, 'oracle_not_admitted_top10': 195, 'oracle_admitted_nonzero_regret': 58}","{'4': 0.5853658536585366, '7': 0.7506265664160401, '8': 8.88, '9': 2.1538461538461537, '10': 0.61, '11': 0.0, '12': 4.277777777777778, '13': 17.42222222222222, '14': 7.174603174603175, '15': 15.0, '16': 9.825459317585302, '17': 6.255844155844156, '18': 2.6666666666666665, '20': 0.0}",-0.14775165759658646,-0.1842377384003972,-0.05121237371317614,final
3000,linux-v0,7.087094494004787e-05,-0.2486666666666668,"{'small': 4.651672433679354, 'large': 10.300751879699249}",4.483666666666666,3.9101883684408767,0.24417808103585661,11.884822222222223,0.0031128064426609713,3.3253333333333335,0.6613333333333333,0.8896666666666667,5.403,-0.003809278911541476,0.29636356851077494,2.582,0.6746666666666666,5.0,3.913639946244027,0.3007685432380425,11.6,0.0,1.0,1.0,1.0,0.0,-0.0747732517826907,0.3647354331275299,0.0,0.0,DirectMambaNVP,"{'oracle_admitted_zero_regret': 2533, 'oracle_not_admitted_beyond_top10': 198, 'oracle_not_admitted_top10': 200, 'oracle_admitted_nonzero_regret': 69}","{'4': 0.7301587301587301, '7': 0.8169014084507042, '8': 11.958620689655172, '9': 2.3333333333333335, '10': 1.1555555555555554, '11': 0.0, '12': 3.2972972972972974, '13': 15.924528301886792, '14': 5.213592233009709, '15': 25.02127659574468, '16': 8.829268292682928, '17': 6.0394922425952045, '18': 2.1333333333333333, '20': 0.0}",-0.1452682679523124,-0.18864243960685242,-0.058467293621806415,final
3000,linux-v0,-0.0006095567314224246,1.9850000000000003,"{'small': 5.845828527489427, 'large': 19.31077694235589}",4.303333333333334,3.9140713458465033,0.1913773618009825,12.186569047619049,0.002432378766298499,4.801666666666667,0.6156666666666667,0.8216666666666667,7.636666666666667,0.0857931102022437,0.23354012814792846,3.614,0.9203333333333333,4.0,3.9143227195597055,0.21588033850463412,12.0,0.0,1.0,1.0,1.0,0.0,0.07032473423522707,0.2655816447292678,0.0,0.0,Mamba,"{'oracle_admitted_zero_regret': 2368, 'oracle_not_admitted_top10': 230, 'oracle_admitted_nonzero_regret': 47, 'oracle_not_admitted_beyond_top10': 355}","{'4': 1.1261682242990654, '7': 0.9710391822827938, '8': 18.972332015810277, '9': 8.5, '10': 2.1677018633540373, '11': 2.5, '12': 0.0, '13': 12.518518518518519, '14': 10.214876033057852, '15': 8.543478260869565, '16': 11.896810506566604, '17': 5.3875, '18': 0.8208955223880597}",-0.19825348855324101,-0.12319194439673443,0.01461017011347494,final
3000,linux-v0,0.0,0.0,"{'small': 4.790849673202614, 'large': 11.263157894736842}",4.466333333333333,3.9103428325257505,0.23624386646546622,11.961040476190476,0.0030419354977209235,3.6306666666666665,0.6583333333333333,0.8766666666666667,5.651666666666666,0.0007744369562310907,0.2869458964066568,2.7716666666666665,0.7003333333333334,5.0,3.9134184943149126,0.28877999415911426,11.6,0.0,1.0,1.0,1.0,0.0,-0.0678670484460313,0.35277066163512116,0.0,0.0,NVP,"{'oracle_admitted_zero_regret': 2520, 'oracle_not_admitted_beyond_top10': 236, 'oracle_not_admitted_top10': 198, 'oracle_admitted_nonzero_regret': 46}","{'4': 0.423728813559322, '7': 0.8940149625935162, '8': 9.865546218487395, '9': 1.75, '10': 0.8191489361702128, '11': 0.0, '12': 3.4358974358974357, '13': 17.043478260869566, '14': 6.52112676056338, '15': 16.175824175824175, '16': 9.81592039800995, '17': 5.5609065155807365, '18': 13.3125, '20': 0.0}",-0.16722106015632604,-0.16661783571119587,-0.03133356570166145,final
441,llvm-stress-v0,0.008976330077013338,0.11791383219954632,"{'small': 0.9532710280373832, 'large': 7.191666666666666}",3.0861678004535147,2.2404626323960346,0.5202072200191307,15.888699924414208,-0.03588988817359847,2.147392290249433,0.5986394557823129,0.9206349206349206,2.6507936507936507,0.3090352312053186,0.6510475324425173,7.757369614512472,1.8979591836734695,3.0,2.209791983453064,0.5212437839689904,15.666666666666666,0.0,1.0,1.0,1.0,0.0,0.30848451879181354,0.6554757172677735,7.0,1.0,AnchoredMambaNVP,"{'oracle_admitted_zero_regret': 323, 'oracle_not_admitted_top10': 90, 'oracle_admitted_nonzero_regret': 28}","{'17': 0.0, '18': 2.6568181818181817}",0.03987242079641458,0.10707482202221255,0.043130271472504284,final
441,llvm-stress-v0,0.006486875272570303,0.17460317460317443,"{'small': 0.9626168224299065, 'large': 7.375}",3.0839002267573696,2.2409205398864733,0.5201517613581488,15.889266817838248,-0.038379342978041506,2.145124716553288,0.5986394557823129,0.9251700680272109,2.707482993197279,0.30917123036647287,0.6511657500079112,7.811791383219955,1.8843537414965987,3.0,2.2143504117448303,0.5213378736914135,15.666666666666666,0.0,1.0,1.0,1.0,0.0,0.3085336047931813,0.6552559295193788,7.0,1.0,DirectMambaNVP,"{'oracle_admitted_zero_regret': 319, 'oracle_not_admitted_top10': 90, 'oracle_admitted_nonzero_regret': 32}","{'17': 3.0, '18': 2.706818181818182}",0.03530596618069477,0.10944673966774851,0.04640810524515481,final
441,llvm-stress-v0,-0.014848263756771903,0.06575963718820876,"{'small': 1.2398753894080996, 'large': 6.233333333333333}",3.256235827664399,2.2515939380992944,0.334918820800275,15.554421768707483,-0.05971448200738371,2.165532879818594,0.562358276643991,0.9342403628117913,2.598639455782313,0.23882067847020072,0.455423798850485,7.918367346938775,1.875283446712018,3.0,2.243183258190706,0.32666296269777373,15.666666666666666,0.0,1.0,1.0,1.0,0.0,0.242582675558819,0.4493802202320636,8.0,2.0,Mamba,"{'oracle_admitted_zero_regret': 333, 'oracle_not_admitted_top10': 85, 'oracle_admitted_nonzero_regret': 23}","{'9': 0.0, '11': 0.0, '14': 4.8, '15': 2.0714285714285716, '17': 1.2142857142857142, '18': 2.7248677248677247}",0.028518179526283532,0.11271814696184643,0.10477494673274765,final
441,llvm-stress-v0,0.0,0.0,"{'small': 0.9968847352024922, 'large': 6.641666666666667}",3.197278911564626,2.2418591316702448,0.5208190675462255,15.689531368102797,-0.04486621825061181,2.1383219954648527,0.5986394557823129,0.927437641723356,2.5328798185941044,0.30948610370851987,0.6517956705820981,7.816326530612245,1.81859410430839,3.0,2.2104807655029384,0.520414989480452,15.666666666666666,0.0,1.0,1.0,1.0,0.0,0.30882490381431094,0.6556823932752779,7.0,1.0,NVP,"{'oracle_admitted_zero_regret': 328, 'oracle_not_admitted_top10': 93, 'oracle_admitted_nonzero_regret': 20}","{'17': 0.0, '18': 2.5386363636363636}",0.022918432291414978,0.10017448105855635,0.052873682325119395,final
120,mibench-v1,0.001012232899726337,-1.4166666666666643,"{'small': 22.064102564102566, 'large': 56.857142857142854}",4.033333333333333,3.8897433669446784,0.2681255653356379,13.124027777777776,0.06448620212497808,15.683333333333334,0.13333333333333333,0.39166666666666666,34.24166666666667,0.33137217654317996,0.3696727500670007,15.416666666666666,3.841666666666667,4.0,3.8926623066728183,0.28182963695212043,12.5,0.04725566828523679,12.0,0.0,0.0,18.0,0.37684713365222766,0.3909695079475239,16.0,4.0,AnchoredMambaNVP,"{'oracle_not_admitted_beyond_top10': 64, 'oracle_admitted_zero_regret': 42, 'oracle_not_admitted_top10': 12, 'oracle_admitted_nonzero_regret': 2}","{'7': 23.5, '8': 10.68421052631579, '9': 40.625, '11': 0.0, '15': 24.0, '16': 40.0, '17': 40.375}",-0.33855377910571316,0.4799299469345862,0.20148176753901897,final
120,mibench-v1,0.0005602191083542291,0.6666666666666714,"{'small': 25.833333333333332, 'large': 55.80952380952381}",4.008333333333334,3.8896796608836324,0.26926224272113863,13.132361111111113,0.06403418833360597,15.5,0.14166666666666666,0.38333333333333336,36.325,0.3339183255616392,0.37111817695832644,15.4,3.8,4.0,3.892361050292384,0.28347073434435754,12.5,0.04786865082486538,11.5,0.0,0.0,19.0,0.382635810126403,0.3967290753609632,15.0,4.0,DirectMambaNVP,"{'oracle_not_admitted_beyond_top10': 62, 'oracle_not_admitted_top10': 18, 'oracle_admitted_zero_regret': 40}","{'7': 17.0, '8': 11.45, '9': 36.111111111111114, '11': 0.0, '13': 46.0, '15': 12.0, '16': 40.9264705882353, '17': 58.53333333333333, '18': 40.0}",-0.3368148039591976,0.4811648728063293,0.17068262451388072,final
120,mibench-v1,1.1523037768065847e-05,-1.9833333333333343,"{'small': 24.833333333333332, 'large': 50.095238095238095}",3.8,3.8881437775593373,0.27367631801569237,13.803611111111111,0.0634854922630198,15.383333333333333,0.16666666666666666,0.39166666666666666,33.675,0.35667353148946146,0.37362022301097364,16.1,3.775,4.0,3.894857531993963,0.27815473880388464,14.0,0.04844615748496541,14.0,0.0,0.0,16.0,0.388106232054119,0.3878622257900902,18.0,4.0,Mamba,"{'oracle_not_admitted_beyond_top10': 62, 'oracle_admitted_nonzero_regret': 2, 'oracle_not_admitted_top10': 13, 'oracle_admitted_zero_regret': 43}","{'4': 9.0, '8': 6.190476190476191, '9': 0.0, '11': 0.0, '12': 111.0, '13': 99.0, '15': 14.25, '16': 37.34426229508197, '17': 53.294117647058826, '18': 40.0}",-0.2206827862409894,0.6117275202266148,0.34813015918058177,final
120,mibench-v1,0.0,0.0,"{'small': 26.397435897435898, 'large': 52.857142857142854}",3.9916666666666667,3.8894007304917513,0.26439551287767066,13.165,0.06347396922525174,16.058333333333334,0.16666666666666666,0.38333333333333336,35.65833333333333,0.33914964574101897,0.3639032705255968,15.375,3.8583333333333334,4.0,3.8934111541902547,0.26992075005785776,12.75,0.04786865082486538,14.0,0.0,0.0,19.0,0.39712584586702043,0.38074302117664766,15.0,4.0,NVP,"{'oracle_not_admitted_beyond_top10': 66, 'oracle_admitted_zero_regret': 38, 'oracle_not_admitted_top10': 13, 'oracle_admitted_nonzero_regret': 3}","{'7': 23.5, '8': 15.470588235294118, '9': 34.3, '11': 0.0, '15': 9.6, '16': 32.86153846153846, '17': 55.4375, '18': 555.0}",-0.29045642607999167,0.5080273402684161,0.28766096576787104,final
363,npb-v0,-0.0010443623715842565,-0.09917355371899816,"{'small': 28.063492063492063, 'large': 254.0084388185654}",4.473829201101928,3.8344988648040097,0.28007006953451963,11.789512003148369,0.21930900057472894,15.261707988980715,0.17079889807162535,0.4214876033057851,175.58126721763085,0.1154179682519276,0.3763242682044703,11.8732782369146,3.2699724517906334,4.0,3.903198178934947,0.29373098285842514,12.25,0.12723948811700184,7.0,0.0,0.0,12.0,0.19573982545570157,0.37355711222669347,12.0,4.0,AnchoredMambaNVP,"{'oracle_admitted_zero_regret': 130, 'oracle_not_admitted_beyond_top10': 151, 'oracle_admitted_nonzero_regret': 19, 'oracle_not_admitted_top10': 63}","{'4': 20.733333333333334, '7': 38.34722222222222, '8': 53.5, '9': 901.2857142857143, '10': 7.533333333333333, '11': 30.625, '12': 213.76923076923077, '13': 416.9642857142857, '14': 194.35087719298247, '15': 942.0909090909091, '16': 95.59615384615384, '17': 13.23076923076923, '18': 0.0}",-0.4755040012627486,0.025568899430755798,-0.28503669670633064,final
363,npb-v0,-0.00029293002916200295,-1.0247933884297424,"{'small': 26.103174603174605, 'large': 253.63291139240508}",4.446280991735537,3.8346764804306575,0.27971934889873634,11.843598320871049,0.2200604329171512,15.275482093663912,0.17079889807162535,0.42699724517906334,174.6556473829201,0.11771737636769757,0.37575193612351554,11.90358126721763,3.2644628099173554,4.0,3.9033786640553094,0.29493135962756134,12.25,0.13333333333333333,7.0,0.0,0.0,7.0,0.19262366423789284,0.3796286583971147,12.0,4.0,DirectMambaNVP,"{'oracle_admitted_zero_regret': 133, 'oracle_not_admitted_beyond_top10': 152, 'oracle_admitted_nonzero_regret': 15, 'oracle_not_admitted_top10': 63}","{'4': 5.181818181818182, '7': 38.5, '8': 53.666666666666664, '9': 1575.25, '10': 7.3125, '11': 14.375, '12': 231.58333333333334, '13': 408.0175438596491, '14': 187.35593220338984, '15': 1294.5, '16': 92.11538461538461, '17': 15.307692307692308, '18': 0.0}",-0.48221817470913036,0.03579186855653335,-0.27345310260037875,final
363,npb-v0,0.0028731420548343545,-29.256198347107414,"{'small': 23.182539682539684, 'large': 211.9451476793249}",4.115702479338843,3.856487142043328,0.25878527694962006,12.777272727272726,0.22322650500114755,15.517906336088155,0.1487603305785124,0.4022038567493113,146.42424242424244,0.1930673779624187,0.35088509203396934,11.837465564738292,3.3829201101928374,4.0,3.8966650871694055,0.2364182719990057,12.75,0.13333333333333333,9.0,0.0,0.0,18.0,0.2123617997494613,0.319902056592811,11.0,4.0,Mamba,"{'oracle_admitted_zero_regret': 120, 'oracle_not_admitted_beyond_top10': 176, 'oracle_not_admitted_top10': 49, 'oracle_admitted_nonzero_regret': 18}","{'4': 27.692307692307693, '7': 25.5, '8': 179.27450980392157, '9': 339.4, '10': 149.0, '11': 123.1875, '12': 128.67857142857142, '13': 9.1875, '14': 138.91666666666666, '15': 94.78260869565217, '16': 118.21428571428571, '17': 172.5, '18': 400.53125}",-0.5220121852938847,0.16041626054879896,-0.05640136027994402,final
363,npb-v0,0.0,0.0,"{'small': 25.03968253968254, 'large': 255.76793248945148}",4.490358126721763,3.8346547209484974,0.27508551497955347,11.742489833398924,0.2203533629463132,15.40771349862259,0.1349862258953168,0.42424242424242425,175.68044077134985,0.11850126566146618,0.3694300857408036,11.862258953168045,3.2589531680440773,4.0,3.903827331325897,0.2737129062846573,12.25,0.12723948811700184,7.0,0.0,0.0,12.0,0.19662336126515184,0.3675751716196732,12.0,4.0,NVP,"{'oracle_admitted_zero_regret': 131, 'oracle_not_admitted_beyond_top10': 156, 'oracle_not_admitted_top10': 61, 'oracle_admitted_nonzero_regret': 15}","{'4': 13.214285714285714, '7': 32.76056338028169, '8': 69.56, '9': 719.6666666666666, '10': 11.875, '11': 12.818181818181818, '12': 231.58333333333334, '13': 432.4727272727273, '14': 189.60344827586206, '15': 417.28, '16': 94.8125, '17': 18.77777777777778, '18': 0.0}",-0.4588606758966261,0.037155096009560705,-0.25554416620650006,final
96,opencv-v0,0.0004173667129685754,-4.385416666666664,"{'small': 16.8, 'large': 62.94117647058823}",3.9895833333333335,3.8488315857141564,0.17594143630015877,13.366840277777778,0.041469104092697266,12.114583333333334,0.23958333333333334,0.5104166666666666,41.3125,0.24126888415173328,0.23098600480863743,9.46875,2.3854166666666665,4.0,3.9226993579598077,0.1618716146207709,12.75,0.0037346995922577318,4.5,0.0,1.0,16.0,0.3298837683205768,0.210791712411602,8.0,2.5,AnchoredMambaNVP,"{'oracle_admitted_zero_regret': 41, 'oracle_not_admitted_beyond_top10': 38, 'oracle_not_admitted_top10': 12, 'oracle_admitted_nonzero_regret': 5}","{'7': 56.0, '8': 10.4, '10': 28.484848484848484, '12': 9.454545454545455, '13': 0.0, '15': 68.0, '16': 14.0, '17': 92.66666666666667, '18': 77.27272727272727}",-0.5512049347597728,0.3721486851952375,0.12355886677031379,final
96,opencv-v0,0.00047172225984715155,-0.6979166666666643,"{'small': 11.933333333333334, 'large': 74.17647058823529}",3.9895833333333335,3.848883606785431,0.17550348074643563,13.350868055555557,0.04152345963957584,12.052083333333334,0.22916666666666666,0.5104166666666666,45.0,0.24475305292494878,0.23037092921207603,9.479166666666666,2.3958333333333335,4.0,3.921858263662446,0.16274173151101834,12.75,0.004786036036036036,4.5,0.0,1.0,10.0,0.32663225555987696,0.2193204972819347,8.0,2.0,DirectMambaNVP,"{'oracle_admitted_zero_regret': 43, 'oracle_not_admitted_beyond_top10': 35, 'oracle_not_admitted_top10': 14, 'oracle_admitted_nonzero_regret': 4}","{'7': 56.0, '8': 6.153846153846154, '10': 30.896551724137932, '12': 10.5, '13': 0.0, '15': 4.0, '16': 22.4, '17': 90.0625, '18': 111.64285714285714}",-0.5680906827649137,0.3512287437554114,0.11587444639465488,final
96,opencv-v0,-0.004985224317046288,4.1875,"{'small': 15.133333333333333, 'large': 80.54901960784314}",4.0625,3.897480567408255,0.1518036206528918,12.849652777777777,0.0360665130626824,9.125,0.3541666666666667,0.5520833333333334,49.885416666666664,0.25857263788256685,0.19851100392209356,9.6875,2.25,4.0,3.9240783862642292,0.13496134925626146,13.0,0.008641975308641974,4.5,0.0,1.0,6.0,0.2823582966534537,0.18302920083349028,9.0,2.0,Mamba,"{'oracle_admitted_zero_regret': 45, 'oracle_not_admitted_top10': 21, 'oracle_not_admitted_beyond_top10': 27, 'oracle_admitted_nonzero_regret': 3}","{'7': 0.0, '8': 101.0, '10': 58.282051282051285, '12': 55.15384615384615, '13': 20.066666666666666, '14': 8.0, '15': 11.0, '16': 0.0, '17': 65.0, '18': 122.0}",-0.6294216223793933,0.24542156110947788,-0.009549815169247139,final
96,opencv-v0,0.0,0.0,"{'small': 16.08888888888889, 'large': 71.82352941176471}",3.9583333333333335,3.8490518568366396,0.17576645385646236,13.397048611111112,0.04105173737972869,12.177083333333334,0.20833333333333334,0.5104166666666666,45.697916666666664,0.24788029425066585,0.23168382696896586,9.375,2.3645833333333335,4.0,3.9215033250844535,0.16359660264351905,12.75,0.0037346995922577318,5.0,0.0,1.0,13.0,0.32779584826093366,0.21483007600925355,8.0,2.0,NVP,"{'oracle_admitted_zero_regret': 42, 'oracle_not_admitted_beyond_top10': 37, 'oracle_not_admitted_top10': 13, 'oracle_admitted_nonzero_regret': 4}","{'7': 56.0, '8': 6.153846153846154, '10': 27.85185185185185, '12': 9.882352941176471, '13': 0.0, '15': 68.0, '16': 0.0, '17': 93.0, '18': 113.92857142857143, '20': 0.0}",-0.5395758297197694,0.3687064800418617,0.09724933270290523,final
3000,poj104-v1,-1.524111121423144e-05,0.10833333333333428,"{'small': 3.986111111111111, 'large': 12.201149425287356}",4.089666666666667,3.3375809241543375,0.5241821631080865,12.521033333333333,0.18684375008035645,3.313,0.5373333333333333,0.85,11.609666666666667,0.12909728824459785,0.6699439831172213,11.348,2.6056666666666666,4.0,3.501443019024237,0.5353808486126717,12.2,0.18011695906432748,1.0,1.0,1.0,0.0,0.12189336903774717,0.694833851679184,11.0,2.0,AnchoredMambaNVP,"{'oracle_admitted_zero_regret': 2416, 'oracle_not_admitted_beyond_top10': 195, 'oracle_not_admitted_top10': 308, 'oracle_admitted_nonzero_regret': 81}","{'8': 7.911695447409733, '11': 9.071428571428571, '14': 33.49881235154394, '15': 141.0, '17': 31.0}",-0.07295788993440316,0.36764989155064703,0.3233066540246754,final
3000,poj104-v1,-3.841825555983558e-05,0.1336666666666666,"{'small': 4.027777777777778, 'large': 12.225215517241379}",4.088333333333333,3.337749740121434,0.5242031648519175,12.518466666666667,0.18682057293601084,3.320666666666667,0.5356666666666666,0.8513333333333334,11.635,0.12984675570966905,0.670000266538005,11.354,2.6073333333333335,4.0,3.501345033383373,0.5348339079906352,12.2,0.1801872348969706,1.0,1.0,1.0,0.0,0.12257177767819011,0.6949782556101668,11.0,2.0,DirectMambaNVP,"{'oracle_admitted_zero_regret': 2415, 'oracle_not_admitted_beyond_top10': 196, 'oracle_not_admitted_top10': 307, 'oracle_admitted_nonzero_regret': 82}","{'8': 7.820229158435401, '11': 10.25, '14': 33.705479452054796, '15': 31.0, '16': 0.0, '17': 31.0}",-0.07214469376023398,0.3651875519243121,0.3220697210365065,final
3000,poj104-v1,0.00037207874472522384,-0.6479999999999997,"{'small': 3.1944444444444446, 'large': 11.447557471264368}",4.122,3.362602181147066,0.5052267522148345,12.48535,0.1872310699362959,3.505333333333333,0.5143333333333333,0.8473333333333334,10.853333333333333,0.13248431268027755,0.6513514409000184,11.644666666666666,2.639666666666667,4.0,3.5278999391742367,0.5174092380602535,12.0,0.1808199340111375,1.0,1.0,1.0,0.0,0.13252714656671208,0.6753796877493856,11.0,2.0,Mamba,"{'oracle_admitted_zero_regret': 2434, 'oracle_not_admitted_top10': 277, 'oracle_not_admitted_beyond_top10': 239, 'oracle_admitted_nonzero_regret': 50}","{'4': 24.0, '8': 7.505732484076433, '9': 0.0, '11': 20.48936170212766, '12': 30.714285714285715, '13': 21.5, '14': 21.934782608695652, '15': 8.210526315789474, '16': 48.25, '17': 130.77777777777777, '18': 1.6666666666666667}",-0.07037418979899676,0.35628456750704174,0.34448773188004195,final
3000,poj104-v1,0.0,0.0,"{'small': 4.796296296296297, 'large': 12.02155172413793}",4.088,3.3380662205086145,0.5233633672143497,12.51825,0.18685899119157068,3.311,0.535,0.8526666666666667,11.501333333333333,0.13091107663788198,0.6689606235853395,11.325666666666667,2.6046666666666667,4.0,3.500456345986998,0.5346700095387356,12.2,0.1801872348969706,1.0,1.0,1.0,0.0,0.12393948708086115,0.6935291177935863,11.0,2.0,NVP,"{'oracle_admitted_zero_regret': 2416, 'oracle_not_admitted_beyond_top10': 192, 'oracle_not_admitted_top10': 313, 'oracle_admitted_nonzero_regret': 79}","{'8': 7.788142292490119, '11': 12.916666666666666, '14': 33.039351851851855, '15': 31.0}",-0.07080773503000852,0.36357600554404346,0.31769189603926345,final
270,tensorflow-v0,-0.0003938254270531988,1.514814814814816,"{'small': 6.687074829931973, 'large': 28.926829268292682}",4.562962962962963,3.685471150069328,0.16845256363825817,11.814329805996474,0.05475921757580066,8.21111111111111,0.5518518518518518,0.725925925925926,16.81851851851852,0.07776900192804524,0.21345069952602447,5.733333333333333,1.3555555555555556,4.5,3.925839014212671,0.15820742967630463,12.0,0.0008165487207403375,1.0,1.0,1.0,0.0,0.0643459485406715,0.20540534504442226,1.0,0.0,AnchoredMambaNVP,"{'oracle_not_admitted_beyond_top10': 63, 'oracle_admitted_zero_regret': 191, 'oracle_not_admitted_top10': 16}","{'4': 2.5, '7': 1.25, '8': 23.838709677419356, '10': 4.75, '11': 24.5, '12': 6.490566037735849, '13': 2.75, '14': 0.0, '15': 0.75, '16': 0.0, '17': 153.3125, '18': 26.5}",-0.35749025205280327,0.1168663872079639,0.17601086378874775,final
270,tensorflow-v0,8.906726502330015e-05,0.47777777777777786,"{'small': 4.836734693877551, 'large': 28.86178861788618}",4.5851851851851855,3.685417885966154,0.16717816677360703,11.778659611992946,0.05524211026787716,8.137037037037038,0.5518518518518518,0.7296296296296296,15.781481481481482,0.0812857314556347,0.21219338886122732,5.7,1.3407407407407408,5.0,3.925752855030951,0.1580023719321267,12.0,0.0008165487207403375,1.0,1.0,1.0,0.0,0.06831864369218346,0.20424693857745918,1.0,0.0,DirectMambaNVP,"{'oracle_not_admitted_beyond_top10': 62, 'oracle_admitted_zero_regret': 193, 'oracle_not_admitted_top10': 15}","{'4': 2.5, '7': 1.6666666666666667, '8': 21.444444444444443, '10': 4.588235294117647, '11': 24.5, '12': 7.081632653061225, '13': 2.84, '14': 0.0, '15': 0.75, '16': 0.0, '17': 142.2, '18': 29.055555555555557}",-0.35903180397586837,0.11776526665875031,0.19586868284964248,final
270,tensorflow-v0,-0.001332490357929192,2.648148148148149,"{'small': 4.4353741496598635, 'large': 34.10569105691057}",4.296296296296297,3.8042210512328194,0.16110172723938232,12.178641975308642,0.05382055264492467,7.296296296296297,0.5407407407407407,0.7222222222222222,17.951851851851853,0.10918940010033241,0.20514714645568605,5.9222222222222225,1.325925925925926,4.0,3.930725726042671,0.15138778171726724,12.25,0.0013964042590329901,1.0,1.0,1.0,0.0,0.10353196551776711,0.19594416946056775,1.0,0.0,Mamba,"{'oracle_not_admitted_beyond_top10': 61, 'oracle_admitted_zero_regret': 191, 'oracle_not_admitted_top10': 17, 'oracle_admitted_nonzero_regret': 1}","{'4': 0.0, '7': 0.0, '8': 36.04761904761905, '9': 0.0, '10': 22.066666666666666, '11': 0.0, '12': 10.098039215686274, '13': 5.964285714285714, '15': 69.4, '16': 1.5, '17': 4.285714285714286, '18': 9.8}",-0.4761786707527734,-0.007792388206097026,0.12422037904396557,final
270,tensorflow-v0,0.0,0.0,"{'small': 4.741496598639456, 'large': 27.926829268292682}",4.566666666666666,3.685477194175203,0.16855380804768,11.854850088183422,0.05515304300285386,8.296296296296296,0.5481481481481482,0.725925925925926,15.303703703703704,0.08466769735785333,0.2138881180509136,5.714814814814815,1.3518518518518519,5.0,3.925318929950518,0.16045309287628956,12.0,0.0005847953216374269,1.0,1.0,1.0,0.0,0.07322976121039458,0.2052333478044192,1.0,0.0,NVP,"{'oracle_not_admitted_beyond_top10': 63, 'oracle_admitted_zero_regret': 193, 'oracle_not_admitted_top10': 13, 'oracle_admitted_nonzero_regret': 1}","{'4': 2.5, '7': 1.25, '8': 24.0, '10': 4.766666666666667, '11': 16.333333333333332, '12': 6.481481481481482, '13': 2.6, '14': 0.0, '15': 0.6, '16': 0.0, '17': 154.23076923076923, '18': 27.6875}",-0.36233752477961917,0.11856103078204447,0.20080272548174444,final
2991,anghabench-v1,0.0017671836593417048,-0.19725844199264442,"{'small': 1.54191736863217, 'large': 14.022088353413654}",4.054831160147108,3.856484409647716,0.40437522282303545,12.637696422601136,0.03993722692910118,3.9214309595453027,0.6278836509528586,0.8385155466399198,3.6198595787362087,0.45432533196213065,0.5044364345757998,4.332998996990973,0.9906385824139083,4.0,3.8705391669171827,0.404597704523657,12.25,0.00516795865633075,1.0,1.0,1.0,0.0,0.5092349840173822,0.5156121525043831,0.0,0.0,AnchoredMambaNVP,"{'oracle_not_admitted_beyond_top10': 271, 'oracle_admitted_zero_regret': 2404, 'oracle_not_admitted_top10': 275, 'oracle_admitted_nonzero_regret': 41}","{'4': 0.0, '7': 0.23076923076923078, '8': 3.3333333333333335, '9': 1.2169811320754718, '10': 0.5714285714285714, '11': 1.4597701149425288, '12': 0.125, '13': 2.175438596491228, '14': 0.7191283292978208, '15': 11.748803827751196, '16': 2.6956521739130435, '17': 0.8151260504201681, '18': 3.3375, '20': 2.3333333333333335}",-0.06643496713339796,0.08010033289931918,0.08777234992824204,validation
2991,anghabench-v1,0.0018819634866442392,-0.23737880307589432,"{'small': 1.5399117529081428, 'large': 13.791164658634537}",4.062855232363758,3.856540037108525,0.4043248055454904,12.5839518555667,0.04005200675640371,3.908391842193246,0.6268806419257773,0.8408559010364427,3.5797392176529588,0.45499394079075184,0.5043802303161394,4.325977933801404,0.9949849548645938,4.0,3.870536596079792,0.4049341072392813,12.0,0.005649717514124294,1.0,1.0,1.0,0.0,0.5087780048122573,0.5168946191335994,0.0,0.0,DirectMambaNVP,"{'oracle_not_admitted_beyond_top10': 270, 'oracle_admitted_zero_regret': 2413, 'oracle_not_admitted_top10': 266, 'oracle_admitted_nonzero_regret': 42}","{'4': 0.0, '7': 0.4166666666666667, '8': 3.0837070254110612, '9': 1.260204081632653, '10': 0.6428571428571429, '11': 1.6708860759493671, '12': 0.16666666666666666, '13': 2.0277777777777777, '14': 0.6780383795309168, '15': 14.44478527607362, '16': 3.183246073298429, '17': 0.6388888888888888, '18': 4.212121212121212, '20': 0.3333333333333333}",-0.07026111411635307,0.0745468753389562,0.08791549583959593,validation
2991,anghabench-v1,0.0022558656707236183,-0.1109996656636576,"{'small': 1.2807862013638187, 'large': 15.847389558232932}",4.03978602474089,3.8726256239132084,0.3665332813269562,12.760013373453694,0.04042590894048309,4.116349047141425,0.5954530257438984,0.8318288197927115,3.7061183550651955,0.43592939039928186,0.45951019764934786,4.496155132062856,1.0076897358742896,4.0,3.8778697223329273,0.3875617133214439,12.4,0.00516795865633075,1.0,1.0,1.0,0.0,0.4831744915802745,0.46998761190284244,0.0,0.0,Mamba,"{'oracle_not_admitted_top10': 285, 'oracle_admitted_zero_regret': 2359, 'oracle_not_admitted_beyond_top10': 293, 'oracle_admitted_nonzero_regret': 54}","{'4': 0.19230769230769232, '7': 0.07142857142857142, '8': 3.5526090675791275, '9': 4.439655172413793, '10': 0.8571428571428571, '11': 0.3142857142857143, '12': 0.546875, '13': 3.2962962962962963, '14': 1.0864553314121037, '15': 5.291666666666667, '16': 4.864864864864865, '17': 13.576923076923077, '18': 4.675, '20': 0.0}",-0.06293780163295358,0.07800101262699405,0.08076402339961233,validation
2991,anghabench-v1,0.0,0.0,"{'small': 1.7705575611712796, 'large': 14.062248995983936}",4.0531594784353056,3.8564033870985375,0.40461614978093874,12.59626657751031,0.03817004326975947,3.9431628217987296,0.6228686058174524,0.8391842193246406,3.817118020728853,0.45336575852220057,0.5046809133883656,4.3423604145770645,0.994316282179873,4.0,3.8706332270837405,0.40606796267000494,12.25,0.004608294930875576,1.0,1.0,1.0,0.0,0.506142047388519,0.5171863784095778,0.0,0.0,NVP,"{'oracle_not_admitted_beyond_top10': 274, 'oracle_admitted_zero_regret': 2405, 'oracle_not_admitted_top10': 272, 'oracle_admitted_nonzero_regret': 40}","{'4': 0.0, '7': 0.6666666666666666, '8': 3.351279788172992, '9': 1.619289340101523, '10': 0.5575221238938053, '11': 1.1142857142857143, '12': 0.13333333333333333, '13': 1.9558823529411764, '14': 0.8767772511848341, '15': 9.702564102564102, '16': 3.3333333333333335, '17': 1.3902439024390243, '18': 3.5135135135135136, '20': 4.0}",-0.06242654071160305,0.07846038285259739,0.08838041232644303,validation
84,blas-v0,0.0012565947514222783,-2.095238095238095,"{'small': 13.333333333333334, 'large': 30.73015873015873}",3.7261904761904763,3.8846899049545804,0.32370579176824565,14.311309523809522,0.025887333516177082,7.488095238095238,0.25,0.6190476190476191,26.38095238095238,0.3903116556621648,0.4364750804307792,14.214285714285714,3.1785714285714284,4.0,3.8828385864786563,0.36522425735854164,14.5,0.01718213058419244,4.0,0.0,1.0,4.5,0.4040584140651391,0.4961425926645482,14.0,3.0,AnchoredMambaNVP,"{'oracle_admitted_zero_regret': 37, 'oracle_not_admitted_top10': 19, 'oracle_not_admitted_beyond_top10': 20, 'oracle_admitted_nonzero_regret': 8}","{'7': 36.5, '8': 26.142857142857142, '10': 0.0, '12': 18.416666666666668, '16': 25.324324324324323, '17': 43.5, '18': 5.5}",-0.505730112506628,-0.1959352550278579,-0.24214729419561468,validation
84,blas-v0,0.0006010659542229554,-0.678571428571427,"{'small': 13.571428571428571, 'large': 32.53968253968254}",3.630952380952381,3.8844807720452743,0.32376813648440594,14.41547619047619,0.02523180471897776,7.357142857142857,0.2619047619047619,0.6309523809523809,27.797619047619047,0.39482639745200515,0.43705324027427317,14.119047619047619,3.142857142857143,4.0,3.882699704497281,0.3641858243517212,14.5,0.016597086915197356,4.0,0.0,1.0,4.5,0.4088939806153764,0.4924456132826645,13.5,3.0,DirectMambaNVP,"{'oracle_admitted_zero_regret': 37, 'oracle_not_admitted_top10': 21, 'oracle_not_admitted_beyond_top10': 18, 'oracle_admitted_nonzero_regret': 8}","{'7': 0.0, '8': 4.0, '10': 0.0, '12': 40.45454545454545, '13': 0.0, '16': 28.533333333333335, '17': 43.15384615384615, '18': 5.5}",-0.4912625484392097,-0.17085501988901586,-0.22049027007765026,validation
84,blas-v0,-0.005369767761441307,39.654761904761905,"{'small': 22.285714285714285, 'large': 83.41269841269842}",4.083333333333333,3.9137319927383643,0.2415460223398205,12.68452380952381,0.019260971003313497,12.476190476190476,0.15476190476190477,0.30952380952380953,68.13095238095238,0.24613240097818925,0.3271150380133432,15.773809523809524,3.6785714285714284,4.0,3.91560764410558,0.2437825878749849,13.0,0.012573716420510778,9.0,0.0,0.0,18.0,0.24264014937613668,0.344407353313339,16.0,3.5,Mamba,"{'oracle_admitted_zero_regret': 25, 'oracle_not_admitted_beyond_top10': 41, 'oracle_not_admitted_top10': 17, 'oracle_admitted_nonzero_regret': 1}","{'7': 0.0, '8': 80.8, '10': 83.45833333333333, '12': 83.46153846153847, '13': 45.84}",-0.42171962558672976,-0.09034402753550164,-0.057539673381146926,validation
84,blas-v0,0.0,0.0,"{'small': 13.571428571428571, 'large': 33.44444444444444}",3.642857142857143,3.884766277834633,0.3236793912488582,14.444246031746031,0.024630738764754804,7.7023809523809526,0.27380952380952384,0.5952380952380952,28.476190476190474,0.3979068170423891,0.43735676706706417,14.214285714285714,3.238095238095238,4.0,3.882807095211417,0.36316728900927275,14.5,0.016597086915197356,4.0,0.0,1.0,10.0,0.409986147183675,0.4877628808567943,14.0,3.0,NVP,"{'oracle_not_admitted_top10': 17, 'oracle_admitted_nonzero_regret': 12, 'oracle_not_admitted_beyond_top10': 20, 'oracle_admitted_zero_regret': 35}","{'7': 36.5, '8': 4.0, '10': 0.0, '11': 11.0, '12': 29.833333333333332, '16': 31.214285714285715, '17': 39.285714285714285, '18': 0.6666666666666666}",-0.48623723791300905,-0.18889256450847575,-0.25355353425064603,validation
447,clgen-v0,0.0002074996467429785,-0.02460850111856827,"{'small': 0.41950113378684806, 'large': 12.5}",3.917225950782998,3.792127182387904,0.5205167664463738,13.534526472781508,0.08528065354168596,2.807606263982103,0.7181208053691275,0.8814317673378076,0.5816554809843401,0.4550323625622151,0.6521257688598117,1.7829977628635347,0.22371364653243847,4.0,3.7809245588617064,0.578405303132732,13.5,0.08333333333333333,1.0,1.0,1.0,0.0,0.4501218560944437,0.7360369982911992,0.0,0.0,AnchoredMambaNVP,"{'oracle_admitted_zero_regret': 388, 'oracle_not_admitted_top10': 28, 'oracle_not_admitted_beyond_top10': 28, 'oracle_admitted_nonzero_regret': 3}","{'8': 4.666666666666667, '9': 0.14285714285714285, '10': 0.07142857142857142, '11': 0.0, '12': 1.0, '13': 0.4537037037037037, '14': 0.8053097345132744, '15': 0.0, '16': 0.1111111111111111, '17': 0.0, '18': 0.6071428571428571, '20': 0.0}",-0.1818040249092375,0.2723708025087185,0.2905441011020001,validation
447,clgen-v0,-0.00019753776064830586,0.022371364653243853,"{'small': 0.4671201814058957, 'large': 12.5}",3.901565995525727,3.7919206946871586,0.5207376053409861,13.603914988814319,0.08487561613429467,2.7897091722595078,0.7293064876957495,0.8791946308724832,0.6286353467561522,0.45529391916539896,0.6522395221131276,1.7874720357941833,0.22595078299776286,4.0,3.780818783889263,0.5771244364021928,13.5,0.08333333333333333,1.0,1.0,1.0,0.0,0.4510934534825901,0.7360369982911992,0.0,0.0,DirectMambaNVP,"{'oracle_admitted_zero_regret': 384, 'oracle_not_admitted_top10': 28, 'oracle_not_admitted_beyond_top10': 30, 'oracle_admitted_nonzero_regret': 5}","{'8': 5.0, '9': 0.23300970873786409, '10': 0.07142857142857142, '11': 0.0, '12': 1.6363636363636365, '13': 0.4789915966386555, '14': 0.8099173553719008, '15': 0.0, '16': 0.1111111111111111, '18': 0.36, '20': 0.14285714285714285}",-0.1795554927892595,0.30745232851646964,0.27936194728996866,validation
447,clgen-v0,0.0021675616013780985,-0.11185682326621926,"{'small': 0.4126984126984127, 'large': 6.5}",3.7740492170022373,3.8219005182899752,0.48016113747390043,13.68765846383296,0.08724071549632108,2.3288590604026846,0.7360178970917226,0.9060402684563759,0.49440715883668906,0.5007746247237814,0.6055905473936182,1.6666666666666667,0.2214765100671141,4.0,3.811361881567421,0.526368231169655,13.5,0.08333333333333333,1.0,1.0,1.0,0.0,0.5178998160986619,0.6769300725471543,0.0,0.0,Mamba,"{'oracle_admitted_nonzero_regret': 4, 'oracle_admitted_zero_regret': 393, 'oracle_not_admitted_top10': 34, 'oracle_not_admitted_beyond_top10': 16}","{'8': 0.5909090909090909, '9': 0.0, '10': 1.0, '11': 0.5, '12': 0.6428571428571429, '13': 0.5, '14': 0.40119760479041916, '15': 0.9166666666666666, '16': 0.32, '17': 2.6666666666666665, '18': 0.391304347826087, '20': 4.0}",-0.0821007269170457,0.41003234356639784,0.24446424435665115,validation
447,clgen-v0,0.0,0.0,"{'small': 0.4444444444444444, 'large': 12.5}",3.912751677852349,3.792327448096498,0.5194197504845848,13.41979865771812,0.08507315389494298,2.8456375838926173,0.7002237136465325,0.8814317673378076,0.6062639821029083,0.4549706642179864,0.650922123943722,1.7516778523489933,0.21700223713646533,4.0,3.7817815360715112,0.5749745261494489,13.25,0.08333333333333333,1.0,1.0,1.0,0.0,0.4490165705000699,0.7338351897048613,0.0,0.0,NVP,"{'oracle_admitted_zero_regret': 386, 'oracle_not_admitted_top10': 26, 'oracle_not_admitted_beyond_top10': 30, 'oracle_admitted_nonzero_regret': 5}","{'8': 6.363636363636363, '9': 0.23484848484848486, '10': 0.08333333333333333, '11': 0.0, '12': 1.1666666666666667, '13': 0.2894736842105263, '14': 1.064516129032258, '15': 0.0, '16': 0.125, '18': 0.6363636363636364, '20': 0.0}",-0.17524587971931682,0.26477335187288054,0.27665764709632157,validation
144,csmith-v0,-1.9465856887029842e-05,0.055555555555557135,"{'small': 0.0, 'large': 41.90780141843972}",3.6041666666666665,3.4215496701843104,0.4769400506087034,15.054398148148145,0.24449304382068832,3.2916666666666665,0.4444444444444444,0.8541666666666666,41.03472222222222,0.34890527359531526,0.6323004015464672,11.784722222222221,2.8472222222222223,4.0,3.6294000364557037,0.4596717468379508,15.0,0.19407922639748917,2.0,0.0,1.0,0.0,0.41362094968399277,0.6245164664253171,12.0,2.5,AnchoredMambaNVP,"{'oracle_admitted_zero_regret': 111, 'oracle_not_admitted_beyond_top10': 12, 'oracle_not_admitted_top10': 18, 'oracle_admitted_nonzero_regret': 3}","{'13': 6.25, '15': 24.5, '16': 172.5, '17': 21.204545454545453}",0.5831780812917475,0.267454925642282,0.1790257616322011,validation
144,csmith-v0,9.74831779191887e-05,-0.31944444444444287,"{'small': 0.0, 'large': 41.52482269503546}",3.576388888888889,3.4212654467852723,0.4769607086623926,15.09085648148148,0.24460999285549453,3.326388888888889,0.4166666666666667,0.8541666666666666,40.65972222222222,0.3500622968449456,0.6318146349725853,11.784722222222221,2.8541666666666665,4.0,3.6288652741232648,0.4637496559310962,15.25,0.19407922639748917,2.0,0.0,1.0,0.0,0.41580681418858995,0.6229446146691788,12.0,2.0,DirectMambaNVP,"{'oracle_admitted_zero_regret': 110, 'oracle_not_admitted_beyond_top10': 12, 'oracle_not_admitted_top10': 18, 'oracle_admitted_nonzero_regret': 4}","{'13': 6.5, '15': 23.885714285714286, '16': 142.96153846153845, '17': 25.097560975609756}",0.5843828373084881,0.2998886870410136,0.20306581541349897,validation
144,csmith-v0,-0.007230839931660266,53.42361111111111,"{'small': 19.333333333333332, 'large': 96.0}",3.763888888888889,3.5321379485108286,0.35687921896600217,14.43460648148148,0.23728166974591508,5.472222222222222,0.4027777777777778,0.6458333333333334,94.40277777777777,0.2833072257841086,0.4961857336492149,12.680555555555555,3.0347222222222223,4.0,3.7588482108804184,0.35877204527237017,14.25,0.1728875429588465,3.0,0.0,1.0,0.0,0.2883160625735046,0.5006071689939777,13.0,3.0,Mamba,"{'oracle_admitted_zero_regret': 78, 'oracle_not_admitted_beyond_top10': 28, 'oracle_not_admitted_top10': 31, 'oracle_admitted_nonzero_regret': 7}","{'8': 237.0, '13': 126.17391304347827, '15': 12.358490566037736, '16': 188.2888888888889, '17': 32.421052631578945}",0.3594411356378643,0.5323305156797746,0.38389007202981223,validation
144,csmith-v0,0.0,0.0,"{'small': 0.0, 'large': 41.851063829787236}",3.5972222222222223,3.422057315820293,0.47641767491942627,15.122685185185183,0.24451250967757535,3.298611111111111,0.4166666666666667,0.8541666666666666,40.979166666666664,0.3530017825816574,0.6308825476721247,11.840277777777779,2.8819444444444446,4.0,3.625359819828466,0.4577038447728481,15.375,0.19407922639748917,2.0,0.0,1.0,0.0,0.4227604215342802,0.624169746570395,12.0,3.0,NVP,"{'oracle_admitted_zero_regret': 111, 'oracle_not_admitted_beyond_top10': 11, 'oracle_not_admitted_top10': 19, 'oracle_admitted_nonzero_regret': 3}","{'13': 6.05, '15': 23.216216216216218, '16': 148.73076923076923, '17': 22.75609756097561}",0.5823316659497034,0.29654967493993495,0.17915232897846453,validation
3000,github-v0,2.8381766787032373e-05,-0.024666666666666615,"{'small': 2.3038379530916844, 'large': 36.96774193548387}",4.270666666666667,3.873327630000799,0.1548123805635613,12.5577126984127,0.010047657453895863,2.6783333333333332,0.8636666666666667,0.9163333333333333,4.453,0.11330401491057747,0.18901227120274933,1.3876666666666666,0.343,4.0,3.9157475005105606,0.09383978549026926,12.75,0.0,1.0,1.0,1.0,0.0,0.13680210848143487,0.11596547077842465,0.0,0.0,AnchoredMambaNVP,"{'oracle_admitted_zero_regret': 2718, 'oracle_not_admitted_beyond_top10': 172, 'oracle_not_admitted_top10': 94, 'oracle_admitted_nonzero_regret': 16}","{'4': 0.01639344262295082, '7': 1.7751937984496124, '8': 1.7544910179640718, '9': 85.0909090909091, '10': 2.80672268907563, '11': 1.8679245283018868, '12': 4.528846153846154, '13': 2.789156626506024, '14': 1.0784313725490196, '15': 4.964285714285714, '16': 2.3984375, '17': 10.908536585365853, '18': 14.04054054054054, '20': 0.0}",-0.2558009618100099,-0.048980520227987163,0.010644176570300498,validation
3000,github-v0,1.3327811505467468e-05,0.018333333333333535,"{'small': 2.321961620469083, 'large': 37.38709677419355}",4.281,3.873372867119695,0.1547502494894231,12.557861904761904,0.010032603498614298,2.6563333333333334,0.863,0.9186666666666666,4.496,0.11683685871616956,0.18893296747935126,1.3846666666666667,0.33866666666666667,4.0,3.9157649445640477,0.09483125334087611,12.75,0.0,1.0,1.0,1.0,0.0,0.1365898487633636,0.11667220264454425,0.0,0.0,DirectMambaNVP,"{'oracle_admitted_zero_regret': 2722, 'oracle_not_admitted_beyond_top10': 170, 'oracle_not_admitted_top10': 94, 'oracle_admitted_nonzero_regret': 14}","{'4': 0.018518518518518517, '7': 1.6501182033096926, '8': 1.501492537313433, '9': 93.6, '10': 3.19811320754717, '11': 2.146788990825688, '12': 5.233333333333333, '13': 2.5458937198067635, '14': 1.096774193548387, '15': 5.934782608695652, '16': 2.61980198019802, '17': 11.497844827586206, '18': 14.43661971830986, '20': 0.0}",-0.26221900944604903,-0.052262504555133024,0.013191394401639642,validation
3000,github-v0,-0.0013641980711379606,2.035333333333333,"{'small': 2.74591329068941, 'large': 63.505376344086024}",4.113,3.883059935676508,0.11919382023367753,12.886112698412699,0.00865507761597087,3.3386666666666667,0.8396666666666667,0.898,6.513,0.17392713134176407,0.1455749793382445,1.688,0.42433333333333334,4.0,3.919693815065905,0.0,13.0,0.0,1.0,1.0,1.0,0.0,0.1951694758086222,0.0,0.0,0.0,Mamba,"{'oracle_admitted_zero_regret': 2654, 'oracle_not_admitted_beyond_top10': 230, 'oracle_not_admitted_top10': 104, 'oracle_admitted_nonzero_regret': 12}","{'4': 5.37593984962406, '7': 3.085714285714286, '8': 4.5300668151447665, '9': 2.0, '10': 12.53225806451613, '11': 2.6931818181818183, '12': 12.039370078740157, '13': 12.963963963963964, '14': 6.1528662420382165, '15': 7.052083333333333, '16': 3.3992994746059546, '17': 10.299703264094955, '18': 6.936, '20': 0.0}",-0.2596019363155211,-0.013398360164196944,0.0578869313804411,validation
3000,github-v0,0.0,0.0,"{'small': 2.334044065387349, 'large': 36.90860215053763}",4.257333333333333,3.8735107767228243,0.15110949849974717,12.571674603174603,0.010019275687108831,2.7523333333333335,0.8603333333333333,0.916,4.477666666666667,0.12123289301009409,0.18458178421750973,1.4286666666666668,0.3506666666666667,4.0,3.915685269112192,0.0842151921066519,12.5,0.0,1.0,1.0,1.0,0.0,0.14711745123859168,0.10302367859574843,0.0,0.0,NVP,"{'oracle_admitted_zero_regret': 2717, 'oracle_not_admitted_top10': 90, 'oracle_not_admitted_beyond_top10': 181, 'oracle_admitted_nonzero_regret': 12}","{'4': 0.021164021164021163, '7': 1.8179723502304148, '8': 2.7010309278350517, '9': 72.0, '10': 2.9696969696969697, '11': 1.3859649122807018, '12': 4.485714285714286, '13': 4.4772727272727275, '14': 1.096774193548387, '15': 3.7563451776649748, '16': 2.160824742268041, '17': 11.678481012658228, '18': 15.426666666666666, '20': 0.5}",-0.2629096424470234,-0.047132038567680355,0.01302311106404041,validation
3000,linux-v0,0.00047736222989283117,-0.4336666666666664,"{'small': 4.630938806537438, 'large': 10.62330623306233}",4.402333333333333,3.9110157535967858,0.23833845818677912,12.08211984126984,0.0024974706316607436,3.5843333333333334,0.6406666666666667,0.8696666666666667,5.368,-0.003152964742355355,0.28952900057009306,2.885666666666667,0.7953333333333333,4.0,3.9136089981294275,0.2959562465462338,11.75,0.0,1.0,1.0,1.0,0.0,-0.05344774703138208,0.3620012789616759,0.0,0.0,AnchoredMambaNVP,"{'oracle_admitted_zero_regret': 2487, 'oracle_not_admitted_top10': 222, 'oracle_admitted_nonzero_regret': 43, 'oracle_not_admitted_beyond_top10': 248}","{'4': 2.042682926829268, '7': 0.9634641407307172, '8': 7.870689655172414, '9': 0.0, '10': 2.6145833333333335, '11': 0.0, '12': 4.7272727272727275, '13': 9.301369863013699, '14': 8.25263157894737, '15': 10.067567567567568, '16': 10.07061790668348, '17': 4.438551099611901, '18': 5.0}",-0.1491100447777314,-0.11778196257279173,-0.010185863751585558,validation
3000,linux-v0,0.0004885817113410283,-0.40000000000000036,"{'small': 4.549600912200684, 'large': 11.476964769647697}",4.391,3.9110827275765425,0.23963098389945275,12.078600000000002,0.0025086901131089407,3.441333333333333,0.6436666666666667,0.8733333333333333,5.401666666666666,0.0005955697693720481,0.29103629365613454,2.8366666666666664,0.7823333333333333,4.0,3.9136455775054344,0.29836168067827507,11.75,0.0,1.0,1.0,1.0,0.0,-0.050536654812981516,0.3647354331275299,0.0,0.0,DirectMambaNVP,"{'oracle_admitted_zero_regret': 2492, 'oracle_not_admitted_top10': 243, 'oracle_not_admitted_beyond_top10': 220, 'oracle_admitted_nonzero_regret': 45}","{'4': 2.5664335664335662, '7': 0.9191542288557214, '8': 7.63265306122449, '9': 0.0, '10': 3.841463414634146, '11': 0.0, '12': 4.226415094339623, '13': 10.506172839506172, '14': 5.087248322147651, '15': 10.721311475409836, '16': 10.48871181938911, '17': 4.662374821173104, '18': 1.2857142857142858, '20': 0.0}",-0.1524174499642539,-0.11729990089611238,-0.002274922971656253,validation
3000,linux-v0,-0.0041770892226608,3.2253333333333325,"{'small': 6.833143291524135, 'large': 24.66937669376694}",4.257333333333333,3.9149527263121606,0.17990477866750706,12.283148412698411,-0.0021569808208928877,5.212,0.6036666666666667,0.7983333333333333,9.027,0.09334805709537367,0.21959579657856101,4.072666666666667,1.095,4.0,3.914410457802437,0.19320079886012792,12.25,0.0,1.0,1.0,1.0,0.0,0.08593566337237599,0.24004801440480167,0.0,0.0,Mamba,"{'oracle_admitted_zero_regret': 2291, 'oracle_not_admitted_top10': 249, 'oracle_not_admitted_beyond_top10': 420, 'oracle_admitted_nonzero_regret': 40}","{'4': 1.3855421686746987, '7': 1.1908127208480566, '8': 15.731707317073171, '9': 11.7, '10': 8.966442953020135, '11': 1.8823529411764706, '12': 7.414634146341464, '13': 20.066666666666666, '14': 10.639455782312925, '15': 9.333333333333334, '16': 13.898444647758463, '17': 5.364341085271318, '18': 1.75, '20': 18.666666666666668}",-0.20693876976936026,-0.053239498883609855,0.06873988880926145,validation
3000,linux-v0,0.0,0.0,"{'small': 4.896237172177879, 'large': 12.257452574525745}",4.369666666666666,3.911268885519976,0.23061307714070509,12.19091984126984,0.0020201084017679124,3.8266666666666667,0.6366666666666667,0.8603333333333333,5.801666666666667,0.0061016110558771855,0.2803547100413129,3.038,0.813,4.0,3.913479648701901,0.2797427702758755,12.0,0.0,1.0,1.0,1.0,0.0,-0.0443601268740417,0.34156526963759737,0.0,0.0,NVP,"{'oracle_admitted_zero_regret': 2462, 'oracle_not_admitted_top10': 223, 'oracle_not_admitted_beyond_top10': 273, 'oracle_admitted_nonzero_regret': 42}","{'4': 3.7071428571428573, '7': 0.952316076294278, '8': 7.928571428571429, '9': 0.7142857142857143, '10': 3.3176470588235296, '11': 0.0, '12': 6.260869565217392, '13': 10.48, '14': 4.142857142857143, '15': 12.527272727272727, '16': 10.439766081871346, '17': 4.50948905109489, '18': 1.4736842105263157, '20': 0.0}",-0.1647992717380208,-0.10829478715236415,0.0066078528864269865,validation
441,llvm-stress-v0,-0.009795702144293157,0.2448979591836733,"{'small': 1.5321637426900585, 'large': 5.505050505050505}",3.0975056689342404,2.280313976594756,0.5236901301450166,15.870370370370372,-0.06164022123065665,2.058956916099773,0.6689342403628118,0.9206349206349206,2.4240362811791383,0.3097836780222022,0.6523994229169361,7.129251700680272,1.5782312925170068,3.0,2.238883026272626,0.5270718866407599,15.666666666666666,0.0,1.0,1.0,1.0,0.0,0.3095232205425598,0.6572650448272349,6.0,1.0,AnchoredMambaNVP,"{'oracle_admitted_zero_regret': 340, 'oracle_not_admitted_top10': 92, 'oracle_admitted_nonzero_regret': 8, 'oracle_not_admitted_beyond_top10': 1}","{'9': 0.0, '17': 0.0, '18': 2.4350797266514808}",-0.08949761348002755,0.15433516301919797,0.12882272633482394,validation
441,llvm-stress-v0,-0.004126767903930358,0.1995464852607709,"{'small': 1.4736842105263157, 'large': 5.505050505050505}",3.113378684807256,2.2803082265267127,0.5236965772170125,15.85204081632653,-0.05597128699029385,2.049886621315193,0.6689342403628118,0.9138321995464853,2.378684807256236,0.30991624758642605,0.6523749740599755,7.106575963718821,1.5532879818594105,3.0,2.2404134908428333,0.5265257778705585,15.666666666666666,0.0,1.0,1.0,1.0,0.0,0.30977284143075495,0.6579609439367976,6.0,1.0,DirectMambaNVP,"{'oracle_admitted_zero_regret': 341, 'oracle_not_admitted_top10': 91, 'oracle_admitted_nonzero_regret': 8, 'oracle_not_admitted_beyond_top10': 1}","{'9': 0.0, '17': 0.0, '18': 2.3895216400911163}",-0.08820202005043085,0.1614962764355575,0.12999265678852312,validation
441,llvm-stress-v0,0.018899862765843184,-0.3015873015873016,"{'small': 0.9181286549707602, 'large': 5.191919191919192}",3.2448979591836733,2.293535499753752,0.33315287034537344,15.565381708238851,-0.03294465632052031,2.00453514739229,0.6258503401360545,0.9410430839002267,1.8775510204081634,0.23872383324867374,0.4522655042846516,7.287981859410431,1.598639455782313,3.0,2.2606826012994246,0.3344527812398501,15.666666666666666,0.0,1.0,1.0,1.0,0.0,0.24287658160843073,0.447204110934844,6.0,1.0,Mamba,"{'oracle_admitted_zero_regret': 354, 'oracle_not_admitted_top10': 66, 'oracle_admitted_nonzero_regret': 19, 'oracle_not_admitted_beyond_top10': 2}","{'9': 3.0, '11': 0.0, '14': 0.0, '15': 1.2222222222222223, '17': 4.875, '18': 1.7513089005235603}",-0.04996577324709923,0.1169848792142277,0.15712740928585592,validation
441,llvm-stress-v0,0.0,0.0,"{'small': 1.2456140350877194, 'large': 5.404040404040404}",3.1927437641723357,2.281333500653375,0.5240098382375737,15.691232048374905,-0.05184451908636349,2.056689342403628,0.6666666666666666,0.9160997732426304,2.179138321995465,0.3102309337288821,0.6528130007683892,7.195011337868481,1.5736961451247165,3.0,2.2429337705161467,0.5274320191226832,15.666666666666666,0.0,1.0,1.0,1.0,0.0,0.31025488904765136,0.6593666737682702,6.0,1.0,NVP,"{'oracle_admitted_zero_regret': 342, 'oracle_not_admitted_top10': 86, 'oracle_admitted_nonzero_regret': 12, 'oracle_not_admitted_beyond_top10': 1}","{'11': 0.0, '17': 0.0, '18': 2.1890660592255125}",-0.0964949596154851,0.14858827801815733,0.13692930189389896,validation
96,opencv-v0,-0.0003412935779361914,4.354166666666664,"{'small': 10.12962962962963, 'large': 84.5}",4.239583333333333,3.62591547815218,0.15315976357481972,12.661458333333334,0.05182270452881161,10.989583333333334,0.4270833333333333,0.5833333333333334,42.666666666666664,0.15957264349667083,0.20181150760673827,9.09375,1.6041666666666667,4.0,3.91539030002939,0.14919864015257528,13.0,0.004235044997353097,3.0,0.0,1.0,0.0,0.19774752644773952,0.1940327975475472,8.0,0.0,AnchoredMambaNVP,"{'oracle_not_admitted_beyond_top10': 32, 'oracle_admitted_zero_regret': 49, 'oracle_not_admitted_top10': 12, 'oracle_admitted_nonzero_regret': 3}","{'4': 0.0, '8': 48.5, '10': 24.62162162162162, '11': 44.0, '12': 27.105263157894736, '13': 3.2, '15': 25.0, '16': 12.5, '17': 52.72727272727273, '18': 127.57142857142857}",-0.35771424436540794,0.22392359187244582,0.06085599651861235,validation
96,opencv-v0,-0.0003477715822611388,4.447916666666664,"{'small': 10.12962962962963, 'large': 84.71428571428571}",4.25,3.6259992951630005,0.15263073604281893,12.673784722222221,0.05181622652448666,11.0625,0.4166666666666667,0.5625,42.760416666666664,0.16420237955843267,0.20131462413245763,9.239583333333334,1.7083333333333333,4.0,3.9154922365771228,0.14946436680391642,12.875,0.004235044997353097,3.0,0.0,1.0,0.0,0.196138375282716,0.19491436282174884,8.0,0.0,DirectMambaNVP,"{'oracle_not_admitted_beyond_top10': 31, 'oracle_admitted_zero_regret': 50, 'oracle_not_admitted_top10': 13, 'oracle_admitted_nonzero_regret': 2}","{'4': 0.0, '8': 53.25, '10': 23.026315789473685, '11': 44.0, '12': 27.38888888888889, '13': 3.2, '15': 25.0, '16': 12.5, '17': 52.72727272727273, '18': 131.0}",-0.3571162872667042,0.21541953561241958,0.06726233744920078,validation
96,opencv-v0,0.0011746092592333363,-2.7291666666666643,"{'small': 10.462962962962964, 'large': 67.88095238095238}",4.1875,3.7611726258356266,0.15256688875105176,12.663541666666667,0.05333860736598114,10.041666666666666,0.46875,0.5625,35.583333333333336,0.1934406859916212,0.2018396628984379,9.489583333333334,1.7708333333333333,4.0,3.916882605844002,0.17831421037626466,12.875,0.00520524683973729,2.0,0.0,1.0,0.0,0.21445804067198548,0.23538618827836544,9.0,0.0,Mamba,"{'oracle_not_admitted_beyond_top10': 31, 'oracle_admitted_zero_regret': 53, 'oracle_not_admitted_top10': 11, 'oracle_admitted_nonzero_regret': 1}","{'4': 12.5, '7': 8.333333333333334, '8': 0.0, '10': 31.82, '11': 0.0, '12': 55.608695652173914, '13': 0.0, '14': 0.0, '15': 28.0, '17': 0.0, '18': 137.33333333333334}",-0.47996550034811303,0.23126780815121192,0.13117912632119857,validation
96,opencv-v0,0.0,0.0,"{'small': 10.314814814814815, 'large': 74.30952380952381}",4.1875,3.626526006024823,0.15139763531794692,12.900694444444445,0.0521639981067478,11.21875,0.3958333333333333,0.5833333333333334,38.3125,0.1687787836216927,0.2004235741414582,9.3125,1.71875,4.0,3.9147604566062992,0.1473425802667978,13.25,0.004235044997353097,3.0,0.0,1.0,0.0,0.19987605435989622,0.18944763534790937,9.0,0.0,NVP,"{'oracle_not_admitted_beyond_top10': 31, 'oracle_admitted_zero_regret': 50, 'oracle_not_admitted_top10': 13, 'oracle_admitted_nonzero_regret': 2}","{'4': 0.0, '8': 53.25, '10': 24.512820512820515, '11': 44.0, '12': 26.72222222222222, '13': 4.0, '15': 25.0, '16': 12.5, '17': 9.416666666666666, '18': 128.92857142857142}",-0.3531604143805211,0.22336212749768167,0.08664747780243147,validation
2994,poj104-v1,-0.0001191698652112938,0.06579826319305226,"{'small': 6.162790697674419, 'large': 14.282894736842104}",4.093520374081496,3.3774372438014484,0.5197726435554506,12.491215764863059,0.19218749649512445,3.141950567802271,0.5317301269205077,0.8657314629258517,13.58316633266533,0.12532872824108066,0.6655337463891553,11.394455577822312,2.6529726118904478,4.0,3.523016321928095,0.5284565911071408,12.0,0.18009595732727235,1.0,1.0,1.0,0.0,0.11863861379857672,0.6887837848964259,11.0,2.0,AnchoredMambaNVP,"{'oracle_admitted_zero_regret': 2440, 'oracle_not_admitted_beyond_top10': 201, 'oracle_admitted_nonzero_regret': 82, 'oracle_not_admitted_top10': 271}","{'8': 11.181993817619784, '11': 4.545454545454546, '13': 11.5, '14': 29.828205128205127, '15': 0.0}",-0.07395014129105928,0.3481514758910223,0.27727404886886053,validation
2994,poj104-v1,-6.561593488565998e-05,0.03340013360053362,"{'small': 6.162790697674419, 'large': 14.247441520467836}",4.093854375417502,3.377568830657206,0.5197516810886967,12.496526386105547,0.1922410504254501,3.141616566466266,0.530060120240481,0.8657314629258517,13.550768203072812,0.12607765693742934,0.6655877159560873,11.401803607214429,2.655978623914496,4.0,3.5237508299801164,0.5297243253926213,12.0,0.18009595732727235,1.0,1.0,1.0,0.0,0.11926472358686036,0.6890681198342021,11.0,2.0,DirectMambaNVP,"{'oracle_admitted_zero_regret': 2443, 'oracle_not_admitted_beyond_top10': 201, 'oracle_admitted_nonzero_regret': 83, 'oracle_not_admitted_top10': 267}","{'8': 11.021442495126706, '11': 3.8461538461538463, '13': 11.5, '14': 29.76829268292683, '15': 0.0}",-0.07358846069385809,0.3501236576957801,0.2763019295237236,validation
2994,poj104-v1,0.0003847823394154126,-0.5477621910487649,"{'small': 5.313953488372093, 'large': 13.691520467836257}",4.122244488977956,3.3986222335256575,0.5023949154416105,12.488426853707416,0.19269144869975116,3.2655310621242486,0.5133600534402137,0.8600534402137608,12.969605878423513,0.13034057083500916,0.6482657509717429,11.565798263193052,2.6840347361389445,4.0,3.540812987711112,0.5130784375340347,12.0,0.180028129395218,1.0,1.0,1.0,0.0,0.1251223009595379,0.6728654268367076,11.0,2.0,Mamba,"{'oracle_admitted_zero_regret': 2446, 'oracle_not_admitted_beyond_top10': 220, 'oracle_not_admitted_top10': 268, 'oracle_admitted_nonzero_regret': 60}","{'4': 0.0, '8': 10.82539013074652, '9': 4.0, '11': 16.4, '12': 4.0, '13': 14.0, '14': 19.128352490421456, '15': 4.0, '16': 183.8181818181818, '17': 18.0, '18': 28.75}",-0.07785329293799831,0.34105196916962627,0.3090403656803715,validation
2994,poj104-v1,0.0,0.0,"{'small': 6.131782945736434, 'large': 14.213815789473685}",4.090514362057449,3.3777647307428897,0.5190529956639124,12.492128701848142,0.19230666636033575,3.135270541082164,0.5290581162324649,0.8670674682698731,13.517368069472278,0.1271496582863357,0.6646220384860767,11.391449565798263,2.658984635938544,4.0,3.5226727942219482,0.5282741059404017,12.0,0.18020653308987428,1.0,1.0,1.0,0.0,0.12047944675984645,0.687465191217154,11.0,2.0,NVP,"{'oracle_admitted_zero_regret': 2444, 'oracle_not_admitted_beyond_top10': 199, 'oracle_admitted_nonzero_regret': 81, 'oracle_not_admitted_top10': 270}","{'8': 10.993343774471418, '11': 2.9411764705882355, '13': 18.25, '14': 29.497596153846153, '15': 0.0}",-0.07143566157172408,0.344268206217066,0.2716553865810448,validation
267,tensorflow-v0,-2.648438855853627e-05,1.1647940074906415,"{'small': 31.258503401360546, 'large': 38.38333333333333}",4.53932584269663,3.804754453676095,0.16100628972313483,11.877162475477084,0.030631635881921516,8.074906367041198,0.45318352059925093,0.6966292134831461,34.46067415730337,0.1018521243773502,0.20846233203265901,7.704119850187266,1.7415730337078652,5.0,3.925722545096378,0.15900685893434324,12.0,0.0043895747599451305,2.0,0.0,1.0,0.0,0.10822836642246211,0.20961439851850952,6.0,1.0,AnchoredMambaNVP,"{'oracle_admitted_zero_regret': 173, 'oracle_admitted_nonzero_regret': 6, 'oracle_not_admitted_beyond_top10': 60, 'oracle_not_admitted_top10': 28}","{'4': 0.0, '7': 4.0, '8': 46.17857142857143, '10': 17.166666666666668, '11': 1.25, '12': 69.6923076923077, '13': 15.545454545454545, '14': 13.0, '15': 0.5, '16': 8.0, '17': 68.0, '18': 8.75}",-0.27357941735533164,0.007420422122478996,-0.056323425588378245,validation
267,tensorflow-v0,-3.093264483767719e-05,1.2322097378277164,"{'small': 31.258503401360546, 'large': 38.53333333333333}",4.50936329588015,3.8048603360227973,0.16019848575272808,11.905600142678795,0.030627187625642375,8.153558052434457,0.45318352059925093,0.6928838951310862,34.52808988764045,0.10587029708332558,0.20741022097984363,7.764044943820225,1.749063670411985,4.0,3.925533107662424,0.16314552425055423,12.0,0.0043895747599451305,2.0,0.0,1.0,0.0,0.12382195354065281,0.21511817654470816,6.0,1.0,DirectMambaNVP,"{'oracle_admitted_zero_regret': 174, 'oracle_admitted_nonzero_regret': 4, 'oracle_not_admitted_beyond_top10': 59, 'oracle_not_admitted_top10': 30}","{'4': 0.0, '7': 4.0, '8': 50.75, '10': 16.99099099099099, '11': 1.0, '12': 70.65625, '13': 12.4, '15': 0.5, '16': 16.0, '17': 70.23076923076923, '18': 11.333333333333334}",-0.2701973227292207,0.009231761429408607,-0.04737941315000487,validation
267,tensorflow-v0,0.0010782690237417375,-4.726591760299623,"{'small': 24.25170068027211, 'large': 33.858333333333334}",4.239700374531835,3.877932750494254,0.16978420956827317,12.459488139825218,0.03173638929422179,7.640449438202247,0.41947565543071164,0.7265917602996255,28.56928838951311,0.169272585509814,0.2191167100078763,8.352059925093632,1.8764044943820224,4.0,3.927485858497133,0.18987924561327071,12.75,0.00370919881305638,2.0,0.0,1.0,0.0,0.1526068502533456,0.25129915200494224,6.0,1.0,Mamba,"{'oracle_admitted_zero_regret': 182, 'oracle_admitted_nonzero_regret': 9, 'oracle_not_admitted_beyond_top10': 56, 'oracle_not_admitted_top10': 20}","{'4': 0.0, '7': 0.0, '8': 101.15789473684211, '9': 64.0, '10': 16.93220338983051, '11': 4.0, '12': 33.84848484848485, '13': 9.083333333333334, '14': 0.0, '15': 42.285714285714285, '16': 2.857142857142857, '17': 105.4, '18': 47.57142857142857}",-0.3573152179600789,0.1483134990974046,0.13995753854876375,validation
267,tensorflow-v0,0.0,0.0,"{'small': 31.346938775510203, 'large': 35.68333333333333}",4.49063670411985,3.804764141776063,0.1617721102303898,11.925209559479223,0.030658120270480052,8.228464419475655,0.45692883895131087,0.6966292134831461,33.29588014981273,0.11005176326184914,0.20941433812553284,7.850187265917603,1.7752808988764044,4.0,3.9257924384200327,0.1650586328744095,12.0,0.0043895747599451305,2.0,0.0,1.0,0.0,0.12679916751595396,0.21737051972520519,6.0,1.0,NVP,"{'oracle_admitted_zero_regret': 176, 'oracle_not_admitted_beyond_top10': 61, 'oracle_not_admitted_top10': 27, 'oracle_admitted_nonzero_regret': 3}","{'4': 0.0, '7': 4.0, '8': 38.51851851851852, '10': 13.385321100917432, '11': 1.0, '12': 72.31428571428572, '13': 11.5, '14': 41.0, '15': 1.0, '16': 8.0, '17': 63.6, '18': 7.777777777777778}",-0.2867375795398442,0.01904826677118027,-0.038539327578668486,validation
